#
# There is insufficient memory for the Java Runtime Environment to continue.
# Native memory allocation (malloc) failed to allocate 32744 bytes. Error detail: ChunkPool::allocate
# Possible reasons:
#   The system is out of physical RAM or swap space
#   This process is running with CompressedOops enabled, and the Java Heap may be blocking the growth of the native heap
# Possible solutions:
#   Reduce memory load on the system
#   Increase physical memory or swap space
#   Check if swap backing store is full
#   Decrease Java heap size (-Xmx/-Xms)
#   Decrease number of Java threads
#   Decrease Java thread stack sizes (-Xss)
#   Set larger code cache with -XX:ReservedCodeCacheSize=
#   JVM is running with Unscaled Compressed Oops mode in which the Java heap is
#     placed in the first 4GB address space. The Java Heap base address is the
#     maximum limit for the native heap growth. Please use -XX:HeapBaseMinAddress
#     to set the Java Heap base and to place the Java Heap above 4GB virtual address.
# This output file may be truncated or incomplete.
#
#  Out of Memory Error (arena.cpp:79), pid=18292, tid=15984
#
# JRE version: OpenJDK Runtime Environment Temurin-17.0.19+10 (17.0.19+10) (build 17.0.19+10)
# Java VM: OpenJDK 64-Bit Server VM Temurin-17.0.19+10 (17.0.19+10, mixed mode, sharing, tiered, compressed oops, compressed class ptrs, g1 gc, windows-amd64)
# No core dump will be written. Minidumps are not enabled by default on client versions of Windows
#

---------------  S U M M A R Y ------------

Command Line: --add-opens=java.base/java.util=ALL-UNNAMED --add-opens=java.base/java.lang=ALL-UNNAMED --add-opens=java.base/java.lang.invoke=ALL-UNNAMED --add-opens=java.prefs/java.util.prefs=ALL-UNNAMED --add-exports=jdk.compiler/com.sun.tools.javac.api=ALL-UNNAMED --add-exports=jdk.compiler/com.sun.tools.javac.util=ALL-UNNAMED --add-opens=java.base/java.nio.charset=ALL-UNNAMED --add-opens=java.base/java.net=ALL-UNNAMED --add-opens=java.base/java.util.concurrent.atomic=ALL-UNNAMED -XX:MaxMetaspaceSize=384m -XX:+HeapDumpOnOutOfMemoryError -Xms256m -Xmx512m -Dfile.encoding=GBK -Duser.country=CN -Duser.language=zh -Duser.variant -javaagent:C:\Users\Zhouyi\.gradle\wrapper\dists\gradle-8.10-bin\deqhafrv1ntovfmgh0nh3npr9\gradle-8.10\lib\agents\gradle-instrumentation-agent-8.10.jar org.gradle.launcher.daemon.bootstrap.GradleDaemon 8.10

Host: AMD Ryzen 3 5300U with Radeon Graphics         , 8 cores, 7G,  Windows 11 , 64 bit Build 26100 (10.0.26100.8328)
Time: Tue May 26 06:43:48 2026  Windows 11 , 64 bit Build 26100 (10.0.26100.8328) elapsed time: 10.396391 seconds (0d 0h 0m 10s)

---------------  T H R E A D  ---------------

Current thread (0x00000267cd92cfc0):  JavaThread "Daemon worker" [_thread_in_vm, id=15984, stack(0x000000706d500000,0x000000706d600000)]

Stack: [0x000000706d500000,0x000000706d600000]
Native frames: (J=compiled Java code, j=interpreted, Vv=VM code, C=native code)
V  [jvm.dll+0x684b29]
V  [jvm.dll+0x83a2d5]
V  [jvm.dll+0x83bd4e]
V  [jvm.dll+0x83c3d3]
V  [jvm.dll+0x24905f]
V  [jvm.dll+0xad73e]
V  [jvm.dll+0xadbdc]
V  [jvm.dll+0x1e8815]
V  [jvm.dll+0x1eb48c]
V  [jvm.dll+0x1e09a1]
V  [jvm.dll+0x5482c9]
V  [jvm.dll+0x7b4f98]
V  [jvm.dll+0x7b5094]
V  [jvm.dll+0x414d34]
V  [jvm.dll+0x41b799]
C  [java.dll+0x17ec]

Java frames: (J=compiled Java code, j=interpreted, Vv=VM code)
J 764  java.lang.ClassLoader.defineClass1(Ljava/lang/ClassLoader;Ljava/lang/String;[BIILjava/security/ProtectionDomain;Ljava/lang/String;)Ljava/lang/Class; java.base@17.0.19 (0 bytes) @ 0x00000267a6d9ff03 [0x00000267a6d9fe40+0x00000000000000c3]
j  java.lang.System$2.defineClass(Ljava/lang/ClassLoader;Ljava/lang/String;[BLjava/security/ProtectionDomain;Ljava/lang/String;)Ljava/lang/Class;+10 java.base@17.0.19
j  java.lang.reflect.Proxy$ProxyBuilder.defineProxyClass(Ljava/lang/Module;Ljava/util/List;)Ljava/lang/Class;+398 java.base@17.0.19
j  java.lang.reflect.Proxy$ProxyBuilder.build()Ljava/lang/reflect/Constructor;+8 java.base@17.0.19
j  java.lang.reflect.Proxy.lambda$getProxyConstructor$0(Ljava/lang/ClassLoader;Ljdk/internal/loader/AbstractClassLoaderValue$Sub;)Ljava/lang/reflect/Constructor;+15 java.base@17.0.19
j  java.lang.reflect.Proxy$$Lambda$25+0x00000267b404e278.apply(Ljava/lang/Object;Ljava/lang/Object;)Ljava/lang/Object;+8 java.base@17.0.19
j  jdk.internal.loader.AbstractClassLoaderValue$Memoizer.get()Ljava/lang/Object;+75 java.base@17.0.19
J 2147 c1 jdk.internal.loader.AbstractClassLoaderValue.computeIfAbsent(Ljava/lang/ClassLoader;Ljava/util/function/BiFunction;)Ljava/lang/Object; java.base@17.0.19 (113 bytes) @ 0x000002679f6899ec [0x000002679f689140+0x00000000000008ac]
J 1494 c1 java.lang.reflect.Proxy.getProxyConstructor(Ljava/lang/Class;Ljava/lang/ClassLoader;[Ljava/lang/Class;)Ljava/lang/reflect/Constructor; java.base@17.0.19 (92 bytes) @ 0x000002679f55718c [0x000002679f5561a0+0x0000000000000fec]
J 1493 c1 java.lang.reflect.Proxy.newProxyInstance(Ljava/lang/ClassLoader;[Ljava/lang/Class;Ljava/lang/reflect/InvocationHandler;)Ljava/lang/Object; java.base@17.0.19 (35 bytes) @ 0x000002679f555a84 [0x000002679f555880+0x0000000000000204]
J 2146 c1 sun.reflect.annotation.AnnotationParser$1.run()Ljava/lang/annotation/Annotation; java.base@17.0.19 (40 bytes) @ 0x000002679f6886d4 [0x000002679f687ca0+0x0000000000000a34]
J 1485 c1 sun.reflect.annotation.AnnotationParser.parseAnnotation2(Ljava/nio/ByteBuffer;Ljdk/internal/reflect/ConstantPool;Ljava/lang/Class;Z[Ljava/lang/Class;)Ljava/lang/annotation/Annotation; java.base@17.0.19 (271 bytes) @ 0x000002679f5518e4 [0x000002679f550620+0x00000000000012c4]
J 1502 c1 sun.reflect.annotation.AnnotationParser.parseAnnotations2([BLjdk/internal/reflect/ConstantPool;Ljava/lang/Class;[Ljava/lang/Class;)Ljava/util/Map; java.base@17.0.19 (135 bytes) @ 0x000002679f55b144 [0x000002679f55ade0+0x0000000000000364]
J 1514 c1 sun.reflect.annotation.AnnotationParser.parseAnnotations([BLjdk/internal/reflect/ConstantPool;Ljava/lang/Class;)Ljava/util/Map; java.base@17.0.19 (37 bytes) @ 0x000002679f5642e4 [0x000002679f564200+0x00000000000000e4]
j  java.lang.Class.createAnnotationData(I)Ljava/lang/Class$AnnotationData;+9 java.base@17.0.19
J 1509 c1 java.lang.Class.annotationData()Ljava/lang/Class$AnnotationData; java.base@17.0.19 (44 bytes) @ 0x000002679f562a5c [0x000002679f562960+0x00000000000000fc]
J 2198 c1 org.gradle.internal.service.DefaultServiceRegistry$ClassInspector$ClassDetails.locateAnnotation(Ljava/lang/Class;)Z (44 bytes) @ 0x000002679f6a245c [0x000002679f6a1fe0+0x000000000000047c]
J 2182 c1 org.gradle.internal.service.DefaultServiceRegistry$ClassInspector$ClassDetails.hasAnnotation(Ljava/lang/Class;)Z (44 bytes) @ 0x000002679f69cdec [0x000002679f69cb80+0x000000000000026c]
J 1676 c1 org.gradle.internal.service.DefaultServiceRegistry$OwnServices.anyTypeHasAnnotation(Ljava/lang/Class;Ljava/util/List;)Z (50 bytes) @ 0x000002679f5afd04 [0x000002679f5af9a0+0x0000000000000364]
J 1663 c1 org.gradle.internal.service.DefaultServiceRegistry$OwnServices.notifyAnnotationHandler(Lorg/gradle/internal/service/AnnotatedServiceLifecycleHandler;Lorg/gradle/internal/service/DefaultServiceRegistry$SingletonService;)V (110 bytes) @ 0x000002679f5aa05c [0x000002679f5a9b20+0x000000000000053c]
j  org.gradle.internal.service.DefaultServiceRegistry$OwnServices.add(Lorg/gradle/internal/service/DefaultServiceRegistry$SingletonService;)V+75
j  org.gradle.internal.service.DefaultServiceRegistry$1.add(Ljava/lang/Class;)V+27
j  org.gradle.internal.service.scopes.GradleUserHomeScopeServices.configure(Lorg/gradle/internal/service/ServiceRegistration;)V+53
j  java.lang.invoke.DirectMethodHandle$Holder.invokeVirtual(Ljava/lang/Object;Ljava/lang/Object;Ljava/lang/Object;)V+11 java.base@17.0.19
j  java.lang.invoke.LambdaForm$MH+0x00000267b402e800.invoke(Ljava/lang/Object;Ljava/lang/Object;)Ljava/lang/Object;+39 java.base@17.0.19
j  java.lang.invoke.LambdaForm$MH+0x00000267b402dc00.invoke(Ljava/lang/Object;Ljava/lang/Object;Ljava/lang/Object;)Ljava/lang/Object;+45 java.base@17.0.19
j  java.lang.invoke.LambdaForm$MH+0x00000267b402ec00.invokeExact_MT(Ljava/lang/Object;Ljava/lang/Object;Ljava/lang/Object;Ljava/lang/Object;)Ljava/lang/Object;+20 java.base@17.0.19
j  java.lang.invoke.MethodHandle.invokeWithArguments([Ljava/lang/Object;)Ljava/lang/Object;+28 java.base@17.0.19
j  org.gradle.internal.service.MethodHandleBasedServiceMethod.invoke(Ljava/lang/Object;[Ljava/lang/Object;)Ljava/lang/Object;+9
j  org.gradle.internal.service.DefaultServiceRegistry.applyConfigureMethod(Lorg/gradle/internal/service/ServiceAccessToken;Lorg/gradle/internal/service/ServiceMethod;Ljava/lang/Object;)V+146
j  org.gradle.internal.service.DefaultServiceRegistry.findProviderMethods(Lorg/gradle/internal/service/ServiceRegistrationProvider;Lorg/gradle/internal/service/ServiceAccessToken;)V+215
j  org.gradle.internal.service.DefaultServiceRegistry.addProvider(Lorg/gradle/internal/service/ServiceRegistrationProvider;)Lorg/gradle/internal/service/DefaultServiceRegistry;+18
j  org.gradle.internal.service.ServiceRegistryBuilder.build()Lorg/gradle/internal/service/CloseableServiceRegistry;+93
j  org.gradle.internal.service.scopes.DefaultGradleUserHomeScopeServiceRegistry.getServicesFor(Ljava/io/File;)Lorg/gradle/internal/service/ServiceRegistry;+152
j  org.gradle.internal.session.BuildSessionState.<init>(Lorg/gradle/internal/service/scopes/GradleUserHomeScopeServiceRegistry;Lorg/gradle/internal/session/CrossBuildSessionState;Lorg/gradle/api/internal/StartParameterInternal;Lorg/gradle/initialization/BuildRequestMetaData;Lorg/gradle/internal/classpath/ClassPath;Lorg/gradle/initialization/BuildCancellationToken;Lorg/gradle/initialization/BuildClientMetaData;Lorg/gradle/initialization/BuildEventConsumer;)V+15
j  org.gradle.internal.buildprocess.execution.BuildSessionLifecycleBuildActionExecutor.execute(Lorg/gradle/internal/invocation/BuildAction;Lorg/gradle/launcher/exec/BuildActionParameters;Lorg/gradle/initialization/BuildRequestContext;)Lorg/gradle/launcher/exec/BuildActionResult;+86
j  org.gradle.internal.buildprocess.execution.BuildSessionLifecycleBuildActionExecutor.execute(Lorg/gradle/internal/invocation/BuildAction;Ljava/lang/Object;Ljava/lang/Object;)Lorg/gradle/launcher/exec/BuildActionResult;+10
j  org.gradle.internal.buildprocess.execution.StartParamsValidatingActionExecutor.execute(Lorg/gradle/internal/invocation/BuildAction;Lorg/gradle/launcher/exec/BuildActionParameters;Lorg/gradle/initialization/BuildRequestContext;)Lorg/gradle/launcher/exec/BuildActionResult;+203
j  org.gradle.internal.buildprocess.execution.StartParamsValidatingActionExecutor.execute(Lorg/gradle/internal/invocation/BuildAction;Ljava/lang/Object;Ljava/lang/Object;)Lorg/gradle/launcher/exec/BuildActionResult;+10
j  org.gradle.internal.buildprocess.execution.SessionFailureReportingActionExecutor.execute(Lorg/gradle/internal/invocation/BuildAction;Lorg/gradle/launcher/exec/BuildActionParameters;Lorg/gradle/initialization/BuildRequestContext;)Lorg/gradle/launcher/exec/BuildActionResult;+7
j  org.gradle.internal.buildprocess.execution.SessionFailureReportingActionExecutor.execute(Lorg/gradle/internal/invocation/BuildAction;Ljava/lang/Object;Ljava/lang/Object;)Lorg/gradle/launcher/exec/BuildActionResult;+10
j  org.gradle.internal.buildprocess.execution.SetupLoggingActionExecutor.execute(Lorg/gradle/internal/invocation/BuildAction;Lorg/gradle/launcher/exec/BuildActionParameters;Lorg/gradle/initialization/BuildRequestContext;)Lorg/gradle/launcher/exec/BuildActionResult;+50
j  org.gradle.internal.buildprocess.execution.SetupLoggingActionExecutor.execute(Lorg/gradle/internal/invocation/BuildAction;Ljava/lang/Object;Ljava/lang/Object;)Lorg/gradle/launcher/exec/BuildActionResult;+10
j  org.gradle.launcher.daemon.server.exec.ExecuteBuild.doBuild(Lorg/gradle/launcher/daemon/server/api/DaemonCommandExecution;Lorg/gradle/launcher/daemon/protocol/Build;)V+147
j  org.gradle.launcher.daemon.server.exec.BuildCommandOnly.execute(Lorg/gradle/launcher/daemon/server/api/DaemonCommandExecution;)V+49
j  org.gradle.launcher.daemon.server.api.DaemonCommandExecution.proceed()Z+23
j  org.gradle.launcher.daemon.server.exec.WatchForDisconnection.execute(Lorg/gradle/launcher/daemon/server/api/DaemonCommandExecution;)V+19
j  org.gradle.launcher.daemon.server.api.DaemonCommandExecution.proceed()Z+23
j  org.gradle.launcher.daemon.server.exec.ResetDeprecationLogger.execute(Lorg/gradle/launcher/daemon/server/api/DaemonCommandExecution;)V+7
j  org.gradle.launcher.daemon.server.api.DaemonCommandExecution.proceed()Z+23
j  org.gradle.launcher.daemon.server.exec.RequestStopIfSingleUsedDaemon.execute(Lorg/gradle/launcher/daemon/server/api/DaemonCommandExecution;)V+33
j  org.gradle.launcher.daemon.server.api.DaemonCommandExecution.proceed()Z+23
j  org.gradle.launcher.daemon.server.exec.ForwardClientInput.lambda$execute$0(Lorg/gradle/launcher/daemon/server/api/DaemonCommandExecution;Lorg/gradle/internal/daemon/clientinput/StdinHandler;)Ljava/lang/Object;+11
j  org.gradle.launcher.daemon.server.exec.ForwardClientInput$$Lambda$110+0x00000267b413fd50.apply(Ljava/lang/Object;)Ljava/lang/Object;+8
j  org.gradle.internal.daemon.clientinput.ClientInputForwarder.forwardInput(Ljava/util/function/Function;)Ljava/lang/Object;+46
j  org.gradle.launcher.daemon.server.exec.ForwardClientInput.execute(Lorg/gradle/launcher/daemon/server/api/DaemonCommandExecution;)V+10
j  org.gradle.launcher.daemon.server.api.DaemonCommandExecution.proceed()Z+23
j  org.gradle.launcher.daemon.server.exec.LogAndCheckHealth.execute(Lorg/gradle/launcher/daemon/server/api/DaemonCommandExecution;)V+51
j  org.gradle.launcher.daemon.server.api.DaemonCommandExecution.proceed()Z+23
j  org.gradle.launcher.daemon.server.exec.LogToClient.doBuild(Lorg/gradle/launcher/daemon/server/api/DaemonCommandExecution;Lorg/gradle/launcher/daemon/protocol/Build;)V+87
j  org.gradle.launcher.daemon.server.exec.BuildCommandOnly.execute(Lorg/gradle/launcher/daemon/server/api/DaemonCommandExecution;)V+49
j  org.gradle.launcher.daemon.server.api.DaemonCommandExecution.proceed()Z+23
j  org.gradle.launcher.daemon.server.exec.EstablishBuildEnvironment.doBuild(Lorg/gradle/launcher/daemon/server/api/DaemonCommandExecution;Lorg/gradle/launcher/daemon/protocol/Build;)V+356
j  org.gradle.launcher.daemon.server.exec.BuildCommandOnly.execute(Lorg/gradle/launcher/daemon/server/api/DaemonCommandExecution;)V+49
j  org.gradle.launcher.daemon.server.api.DaemonCommandExecution.proceed()Z+23
j  org.gradle.launcher.daemon.server.exec.StartBuildOrRespondWithBusy$1.run()V+44
j  org.gradle.launcher.daemon.server.DaemonStateCoordinator.lambda$runCommand$0(Ljava/lang/Runnable;)V+1
j  org.gradle.launcher.daemon.server.DaemonStateCoordinator$$Lambda$109+0x00000267b413e7b8.run()V+8
j  org.gradle.internal.concurrent.ExecutorPolicy$CatchAndRecordFailures.onExecute(Ljava/lang/Runnable;)V+1
j  org.gradle.internal.concurrent.AbstractManagedExecutor$1.run()V+25
j  java.util.concurrent.ThreadPoolExecutor.runWorker(Ljava/util/concurrent/ThreadPoolExecutor$Worker;)V+92 java.base@17.0.19
j  java.util.concurrent.ThreadPoolExecutor$Worker.run()V+5 java.base@17.0.19
j  java.lang.Thread.run()V+11 java.base@17.0.19
v  ~StubRoutines::call_stub

Compiled method (n/a) 10428  764     n 0       java.lang.ClassLoader::defineClass1 (native)
 total in heap  [0x00000267a6d9fc90,0x00000267a6da0190] = 1280
 relocation     [0x00000267a6d9fdf0,0x00000267a6d9fe28] = 56
 main code      [0x00000267a6d9fe40,0x00000267a6da0190] = 848

[Constant Pool (empty)]

[MachCode]
[Entry Point]
  # {method} {0x00000267b3010f18} 'defineClass1' '(Ljava/lang/ClassLoader;Ljava/lang/String;[BIILjava/security/ProtectionDomain;Ljava/lang/String;)Ljava/lang/Class;' in 'java/lang/ClassLoader'
  # parm0:    rdx:rdx   = 'java/lang/ClassLoader'
  # parm1:    r8:r8     = 'java/lang/String'
  # parm2:    r9:r9     = '[B'
  # parm3:    rdi       = int
  # parm4:    rsi       = int
  # parm5:    rcx:rcx   = 'java/security/ProtectionDomain'
  # parm6:    [sp+0xa0]   = 'java/lang/String'  (sp of caller)
  0x00000267a6d9fe40: 448b 5208 | 49bb 0000 | 00b3 6702 | 0000 4d03 | d349 3bc2 | 0f84 0600 

  0x00000267a6d9fe58: ;   {runtime_call ic_miss_stub}
  0x00000267a6d9fe58: 0000 e921 | 12a6 ff90 
[Verified Entry Point]
  0x00000267a6d9fe60: 8984 2400 | 90ff ff55 | 488b ec48 | 81ec 9000 | 0000 4881 | 7d10 0000 | 0000 488d | 4510 480f 
  0x00000267a6d9fe80: 4445 1048 | 8944 2440 | 4889 4c24 | 7048 83f9 | 0048 8d44 | 2470 480f | 4444 2470 | 4889 4424 
  0x00000267a6d9fea0: 3848 8974 | 2430 4889 | 7c24 284c | 894c 2458 | 4983 f900 | 488d 4424 | 5848 0f44 | 4424 5848 
  0x00000267a6d9fec0: 8944 2420 | 4c89 4424 | 5049 83f8 | 004c 8d4c | 2450 4c0f | 444c 2450 | 4889 5424 | 4848 83fa 
  0x00000267a6d9fee0: 004c 8d44 | 2448 4c0f | 4444 2448 

  0x00000267a6d9feec: ;   {oop(a 'java/lang/Class'{0x00000000e019a300} = 'java/lang/ClassLoader')}
  0x00000267a6d9feec: 49be 00a3 | 19e0 0000 | 0000 4c89 | 7424 784c | 8d74 2478 | 498b d6c5 

  0x00000267a6d9ff04: ;   {internal_word}
  0x00000267a6d9ff04: f877 49ba | 03ff d9a6 | 6702 0000 | 4d89 97a0 | 0200 0049 | 89a7 9802 

  0x00000267a6d9ff1c: ;   {external_word}
  0x00000267a6d9ff1c: 0000 49ba | d5d6 5d03 | fa7f 0000 | 4180 3a00 | 0f84 5200 | 0000 5241 

  0x00000267a6d9ff34: ;   {metadata({method} {0x00000267b3010f18} 'defineClass1' '(Ljava/lang/ClassLoader;Ljava/lang/String;[BIILjava/security/ProtectionDomain;Ljava/lang/String;)Ljava/lang/Class;' in 'java/lang/ClassLoader')}
  0x00000267a6d9ff34: 5041 5148 | ba10 0f01 | b367 0200 | 0049 8bcf | 4883 ec20 | f7c4 0f00 | 0000 0f84 | 1a00 0000 
  0x00000267a6d9ff54: 4883 ec08 

  0x00000267a6d9ff58: ;   {runtime_call}
  0x00000267a6d9ff58: 49ba 80a4 | 1303 fa7f | 0000 41ff | d248 83c4 | 08e9 0d00 

  0x00000267a6d9ff6c: ;   {runtime_call}
  0x00000267a6d9ff6c: 0000 49ba | 80a4 1303 | fa7f 0000 | 41ff d248 | 83c4 2041 | 5941 585a | 498d 8fb8 | 0200 0041 
  0x00000267a6d9ff8c: c787 4003 | 0000 0400 

  0x00000267a6d9ff94: ;   {runtime_call}
  0x00000267a6d9ff94: 0000 49ba | ac16 d10d | fa7f 0000 | 41ff d2c5 | f877 41c7 | 8740 0300 | 0005 0000 | 00f0 8344 
  0x00000267a6d9ffb4: 24c0 0049 | 3baf 4803 | 0000 0f87 | 1100 0000 | 4181 bf30 | 0300 0000 | 0000 000f | 842c 0000 
  0x00000267a6d9ffd4: 00c5 f877 | 4889 45f8 | 498b cf4c | 8be4 4883 | ec20 4883 

  0x00000267a6d9ffe8: ;   {runtime_call}
  0x00000267a6d9ffe8: e4f0 49ba | d0b3 2303 | fa7f 0000 | 41ff d249 | 8be4 4d33 | e448 8b45 | f841 c787 | 4003 0000 
  0x00000267a6da0008: 0800 0000 | 4181 bfb0 | 0300 0002 | 0000 000f | 843f 0100 

  0x00000267a6da001c: ;   {external_word}
  0x00000267a6da001c: 0049 bad5 | d65d 03fa | 7f00 0041 | 803a 000f | 8450 0000 | 0048 8945 

  0x00000267a6da0034: ;   {metadata({method} {0x00000267b3010f18} 'defineClass1' '(Ljava/lang/ClassLoader;Ljava/lang/String;[BIILjava/security/ProtectionDomain;Ljava/lang/String;)Ljava/lang/Class;' in 'java/lang/ClassLoader')}
  0x00000267a6da0034: f848 ba10 | 0f01 b367 | 0200 0049 | 8bcf 4883 | ec20 f7c4 | 0f00 0000 | 0f84 1a00 | 0000 4883 
  0x00000267a6da0054: ;   {runtime_call}
  0x00000267a6da0054: ec08 49ba | 80a4 1303 | fa7f 0000 | 41ff d248 | 83c4 08e9 | 0d00 0000 

  0x00000267a6da006c: ;   {runtime_call}
  0x00000267a6da006c: 49ba 80a4 | 1303 fa7f | 0000 41ff | d248 83c4 | 2048 8b45 | f849 c787 | 9802 0000 | 0000 0000 
  0x00000267a6da008c: 49c7 87a0 | 0200 0000 | 0000 00c5 | f877 4885 | c00f 8493 | 0000 0048 | f7c0 0100 | 0000 0f84 
  0x00000267a6da00ac: 8300 0000 | 488b 40ff | 4180 7f38 | 000f 846f | 0000 0048 | 83f8 000f | 8465 0000 | 0049 8b4f 
  0x00000267a6da00cc: 2048 83f9 | 000f 8414 | 0000 0048 | 83e9 0849 | 894f 2049 | 034f 3048 | 8901 e943 | 0000 0050 
  0x00000267a6da00ec: 498b d748 | 8bc8 4883 | ec20 f7c4 | 0f00 0000 | 0f84 1a00 | 0000 4883 

  0x00000267a6da0104: ;   {runtime_call}
  0x00000267a6da0104: ec08 49ba | 706b d202 | fa7f 0000 | 41ff d248 | 83c4 08e9 | 0d00 0000 

  0x00000267a6da011c: ;   {runtime_call}
  0x00000267a6da011c: 49ba 706b | d202 fa7f | 0000 41ff | d248 83c4 | 2058 e903 | 0000 0048 | 8b00 498b | 8fd8 0000 
  0x00000267a6da013c: 00c7 8100 | 0100 0000 | 0000 00c9 | 4981 7f08 | 0000 0000 | 0f85 0100 

  0x00000267a6da0154: ;   {runtime_call StubRoutines (1)}
  0x00000267a6da0154: 0000 c3e9 | a40d a1ff | c5f8 7748 | 8945 f84c | 8be4 4883 | ec20 4883 

  0x00000267a6da016c: ;   {runtime_call}
  0x00000267a6da016c: e4f0 49ba | 70d5 1303 | fa7f 0000 | 41ff d249 | 8be4 4d33 | e448 8b45 | f8e9 93fe | ffff f4f4 
  0x00000267a6da018c: f4f4 f4f4 
[/MachCode]


Compiled method (c1) 10436 2147   !   3       jdk.internal.loader.AbstractClassLoaderValue::computeIfAbsent (113 bytes)
 total in heap  [0x000002679f688e90,0x000002679f68a548] = 5816
 relocation     [0x000002679f688ff0,0x000002679f689138] = 328
 main code      [0x000002679f689140,0x000002679f689ec0] = 3456
 stub code      [0x000002679f689ec0,0x000002679f689f68] = 168
 metadata       [0x000002679f689f68,0x000002679f689fe0] = 120
 scopes data    [0x000002679f689fe0,0x000002679f68a270] = 656
 scopes pcs     [0x000002679f68a270,0x000002679f68a440] = 464
 dependencies   [0x000002679f68a440,0x000002679f68a460] = 32
 handler table  [0x000002679f68a460,0x000002679f68a518] = 184
 nul chk table  [0x000002679f68a518,0x000002679f68a548] = 48

[Constant Pool (empty)]

[MachCode]
[Entry Point]
  # {method} {0x00000267b315e7f8} 'computeIfAbsent' '(Ljava/lang/ClassLoader;Ljava/util/function/BiFunction;)Ljava/lang/Object;' in 'jdk/internal/loader/AbstractClassLoaderValue'
  # this:     rdx:rdx   = 'jdk/internal/loader/AbstractClassLoaderValue'
  # parm0:    r8:r8     = 'java/lang/ClassLoader'
  # parm1:    r9:r9     = 'java/util/function/BiFunction'
  #           [sp+0xb0]  (sp of caller)
  0x000002679f689140: 448b 5208 | 49bb 0000 | 00b3 6702 | 0000 4d03 | d34c 3bd0 

  0x000002679f689154: ;   {runtime_call ic_miss_stub}
  0x000002679f689154: 0f85 267f | 1707 660f | 1f44 0000 
[Verified Entry Point]
  0x000002679f689160: 8984 2400 | 90ff ff55 | 4881 eca0 | 0000 0048 | 8954 2458 | 4c89 4424 | 604c 894c 

  0x000002679f68917c: ;   {metadata(method data for {method} {0x00000267b315e7f8} 'computeIfAbsent' '(Ljava/lang/ClassLoader;Ljava/util/function/BiFunction;)Ljava/lang/Object;' in 'jdk/internal/loader/AbstractClassLoaderValue')}
  0x000002679f68917c: 2468 48be | 00a8 21c8 | 6702 0000 | 8bbe cc00 | 0000 83c7 | 0289 becc | 0000 0081 | e7fe 0700 
  0x000002679f68919c: 0083 ff00 | 0f84 340a 

  0x000002679f6891a4: ;   {metadata(method data for {method} {0x00000267b315e7f8} 'computeIfAbsent' '(Ljava/lang/ClassLoader;Ljava/util/function/BiFunction;)Ljava/lang/Object;' in 'jdk/internal/loader/AbstractClassLoaderValue')}
  0x000002679f6891a4: 0000 48be | 00a8 21c8 | 6702 0000 | 4883 8610 | 0100 0001 

  0x000002679f6891b8: ;   {metadata(method data for {method} {0x00000267b315ee88} 'map' '(Ljava/lang/ClassLoader;)Ljava/util/concurrent/ConcurrentHashMap;' in 'jdk/internal/loader/AbstractClassLoaderValue')}
  0x000002679f6891b8: 48be a8ae | 94c8 6702 | 0000 8bbe | cc00 0000 | 83c7 0289 | becc 0000 | 0081 e7fe | ff1f 0083 
  0x000002679f6891d8: ff00 0f84 | 1b0a 0000 | 4983 f800 

  0x000002679f6891e4: ;   {metadata(method data for {method} {0x00000267b315ee88} 'map' '(Ljava/lang/ClassLoader;)Ljava/util/concurrent/ConcurrentHashMap;' in 'jdk/internal/loader/AbstractClassLoaderValue')}
  0x000002679f6891e4: 48be a8ae | 94c8 6702 | 0000 48c7 | c710 0100 | 000f 8507 | 0000 0048 | c7c7 2001 | 0000 488b 
  0x000002679f689204: 1c3e 488d | 5b01 4889 | 1c3e 0f85 | 5900 0000 

  0x000002679f689214: ;   {metadata(method data for {method} {0x00000267b315ee88} 'map' '(Ljava/lang/ClassLoader;)Ljava/util/concurrent/ConcurrentHashMap;' in 'jdk/internal/loader/AbstractClassLoaderValue')}
  0x000002679f689214: 48be a8ae | 94c8 6702 | 0000 4883 | 8630 0100 

  0x000002679f689224: ;   {metadata(method data for {method} {0x00000267b3112a50} 'getClassLoaderValueMap' '()Ljava/util/concurrent/ConcurrentHashMap;' in 'jdk/internal/loader/BootLoader')}
  0x000002679f689224: 0001 48be | 78b0 94c8 | 6702 0000 | 8bbe cc00 | 0000 83c7 | 0289 becc | 0000 0081 | e7fe ff1f 
  0x000002679f689244: 0083 ff00 | 0f84 ce09 

  0x000002679f68924c: ;   {metadata(method data for {method} {0x00000267b315ee88} 'map' '(Ljava/lang/ClassLoader;)Ljava/util/concurrent/ConcurrentHashMap;' in 'jdk/internal/loader/AbstractClassLoaderValue')}
  0x000002679f68924c: 0000 48be | a8ae 94c8 | 6702 0000 | ff86 4001 

  0x000002679f68925c: ;   {oop(a 'java/util/concurrent/ConcurrentHashMap'{0x00000000e009be40})}
  0x000002679f68925c: 0000 48be | 40be 09e0 | 0000 0000 | e902 0100 

  0x000002679f68926c: ;   {oop(a 'java/lang/System$2'{0x00000000e013aa78})}
  0x000002679f68926c: 0048 be78 | aa13 e000 

  0x000002679f689274: ;   {metadata(method data for {method} {0x00000267b315ee88} 'map' '(Ljava/lang/ClassLoader;)Ljava/util/concurrent/ConcurrentHashMap;' in 'jdk/internal/loader/AbstractClassLoaderValue')}
  0x000002679f689274: 0000 0048 | bfa8 ae94 | c867 0200 

  0x000002679f689280: ;   {metadata('java/lang/System$2')}
  0x000002679f689280: 0049 ba28 | 5e01 b367 | 0200 004c | 8997 6801 | 0000 4883 | 8770 0100 

  0x000002679f689298: ;   {metadata(method data for {method} {0x00000267b3407ef8} 'createOrGetClassLoaderValueMap' '(Ljava/lang/ClassLoader;)Ljava/util/concurrent/ConcurrentHashMap;' in 'java/lang/System$2')}
  0x000002679f689298: 0001 48be | 4894 3bc8 | 6702 0000 | 8bbe cc00 | 0000 83c7 | 0289 becc | 0000 0081 | e7fe ff1f 
  0x000002679f6892b8: 0083 ff00 | 0f84 7b09 | 0000 493b | 0049 8bf0 

  0x000002679f6892c8: ;   {metadata(method data for {method} {0x00000267b3407ef8} 'createOrGetClassLoaderValueMap' '(Ljava/lang/ClassLoader;)Ljava/util/concurrent/ConcurrentHashMap;' in 'java/lang/System$2')}
  0x000002679f6892c8: 48bf 4894 | 3bc8 6702 | 0000 8b76 | 0849 ba00 | 0000 b367 | 0200 0049 | 03f2 483b | b720 0100 
  0x000002679f6892e8: 0075 0d48 | 8387 2801 | 0000 01e9 | 6600 0000 | 483b b730 | 0100 0075 | 0d48 8387 | 3801 0000 
  0x000002679f689308: 01e9 5000 | 0000 4881 | bf20 0100 | 0000 0000 | 0075 1748 | 89b7 2001 | 0000 48c7 | 8728 0100 
  0x000002679f689328: 0001 0000 | 00e9 2c00 | 0000 4881 | bf30 0100 | 0000 0000 | 0075 1748 | 89b7 3001 | 0000 48c7 
  0x000002679f689348: 8738 0100 | 0001 0000 | 00e9 0800 | 0000 4883 | 8710 0100 | 0001 498b | d066 0f1f 

  0x000002679f689364: ;   {optimized virtual_call}
  0x000002679f689364: 4400 00e8 

  0x000002679f689368: ; ImmutableOopMap {[104]=Oop [96]=Oop [88]=Oop }
                      ;*invokevirtual createOrGetClassLoaderValueMap {reexecute=0 rethrow=0 return_oop=0}
                      ; - java.lang.System$2::createOrGetClassLoaderValueMap@1 (line 2317)
                      ; - jdk.internal.loader.AbstractClassLoaderValue::map@14 (line 266)
                      ; - jdk.internal.loader.AbstractClassLoaderValue::computeIfAbsent@1 (line 189)
  0x000002679f689368: 94c8 faff 

  0x000002679f68936c: ;   {oop(NULL)}
  0x000002679f68936c: 488b f048 | bf00 0000 | 0000 0000 | 0048 8b54 | 2458 6690 | 4883 ff00 

  0x000002679f689384: ;   {metadata(method data for {method} {0x00000267b315e7f8} 'computeIfAbsent' '(Ljava/lang/ClassLoader;Ljava/util/function/BiFunction;)Ljava/lang/Object;' in 'jdk/internal/loader/AbstractClassLoaderValue')}
  0x000002679f689384: 48bb 00a8 | 21c8 6702 | 0000 48c7 | c020 0100 | 000f 8507 | 0000 0048 | c7c0 3001 | 0000 488b 
  0x000002679f6893a4: 0c03 488d | 4901 4889 | 0c03 4889 | 7c24 780f | 8541 0000 | 0048 3b06 

  0x000002679f6893bc: ;   {metadata(method data for {method} {0x00000267b315e7f8} 'computeIfAbsent' '(Ljava/lang/ClassLoader;Ljava/util/function/BiFunction;)Ljava/lang/Object;' in 'jdk/internal/loader/AbstractClassLoaderValue')}
  0x000002679f6893bc: 488b de48 | b800 a821 | c867 0200 | 0048 8380 | 5801 0000 | 014c 8bc2 | 488b d648 | 8974 2470 
  0x000002679f6893dc: ;   {optimized virtual_call}
  0x000002679f6893dc: 6666 90e8 

  0x000002679f6893e0: ; ImmutableOopMap {[112]=Oop [88]=Oop [96]=Oop [104]=Oop [120]=Oop }
                      ;*invokevirtual get {reexecute=0 rethrow=0 return_oop=0}
                      ; - jdk.internal.loader.AbstractClassLoaderValue::computeIfAbsent@19 (line 194)
  0x000002679f6893e0: 1c4b 0200 

  0x000002679f6893e4: ;   {metadata(method data for {method} {0x00000267b315e7f8} 'computeIfAbsent' '(Ljava/lang/ClassLoader;Ljava/util/function/BiFunction;)Ljava/lang/Object;' in 'jdk/internal/loader/AbstractClassLoaderValue')}
  0x000002679f6893e4: 49b8 00a8 | 21c8 6702 | 0000 41ff | 8078 0100 | 00e9 7a00 | 0000 483b | 064c 8bc6 

  0x000002679f689400: ;   {metadata(method data for {method} {0x00000267b315e7f8} 'computeIfAbsent' '(Ljava/lang/ClassLoader;Ljava/util/function/BiFunction;)Ljava/lang/Object;' in 'jdk/internal/loader/AbstractClassLoaderValue')}
  0x000002679f689400: 49b9 00a8 | 21c8 6702 | 0000 4983 | 81a8 0100 

  0x000002679f689410: ;   {metadata(method data for {method} {0x00000267b342cbb8} 'putIfAbsent' '(Ljava/lang/Object;Ljava/lang/Object;)Ljava/lang/Object;' in 'java/util/concurrent/ConcurrentHashMap')}
  0x000002679f689410: 0001 49b8 | 6872 03c8 | 6702 0000 | 458b 88cc | 0000 0041 | 83c1 0245 | 8988 cc00 | 0000 4181 
  0x000002679f689430: e1fe ff1f | 0041 83f9 | 000f 842e | 0800 004c 

  0x000002679f689440: ;   {metadata(method data for {method} {0x00000267b342cbb8} 'putIfAbsent' '(Ljava/lang/Object;Ljava/lang/Object;)Ljava/lang/Object;' in 'java/util/concurrent/ConcurrentHashMap')}
  0x000002679f689440: 8bc6 49b9 | 6872 03c8 | 6702 0000 | 4983 8110 | 0100 0001 | 4c8b 4424 | 584c 8b4c | 2478 bf01 
  0x000002679f689460: 0000 0048 | 8bd6 4889 | 7424 700f 

  0x000002679f68946c: ;   {optimized virtual_call}
  0x000002679f68946c: 1f40 00e8 

  0x000002679f689470: ; ImmutableOopMap {[88]=Oop [96]=Oop [104]=Oop [120]=Oop [112]=Oop }
                      ;*invokevirtual putVal {reexecute=0 rethrow=0 return_oop=0}
                      ; - java.util.concurrent.ConcurrentHashMap::putIfAbsent@4 (line 1541)
                      ; - jdk.internal.loader.AbstractClassLoaderValue::computeIfAbsent@30 (line 194)
  0x000002679f689470: 2c5c fbff | 4883 f800 

  0x000002679f689478: ;   {metadata(method data for {method} {0x00000267b315e7f8} 'computeIfAbsent' '(Ljava/lang/ClassLoader;Ljava/util/function/BiFunction;)Ljava/lang/Object;' in 'jdk/internal/loader/AbstractClassLoaderValue')}
  0x000002679f689478: 48ba 00a8 | 21c8 6702 | 0000 48c7 | c6c8 0100 | 000f 8507 | 0000 0048 | c7c6 d801 | 0000 488b 
  0x000002679f689498: 3c32 488d | 7f01 4889 | 3c32 488b | 7c24 780f | 8539 0000 | 0048 83ff 

  0x000002679f6894b0: ;   {metadata(method data for {method} {0x00000267b315e7f8} 'computeIfAbsent' '(Ljava/lang/ClassLoader;Ljava/util/function/BiFunction;)Ljava/lang/Object;' in 'jdk/internal/loader/AbstractClassLoaderValue')}
  0x000002679f6894b0: 0048 ba00 | a821 c867 | 0200 0048 | c7c6 e801 | 0000 0f85 | 0700 0000 | 48c7 c6f8 | 0100 0048 
  0x000002679f6894d0: 8b1c 3248 | 8d5b 0148 | 891c 320f | 85e1 0400 | 00e9 9c02 | 0000 488b 

  0x000002679f6894e8: ;   {metadata(method data for {method} {0x00000267b315e7f8} 'computeIfAbsent' '(Ljava/lang/ClassLoader;Ljava/util/function/BiFunction;)Ljava/lang/Object;' in 'jdk/internal/loader/AbstractClassLoaderValue')}
  0x000002679f6894e8: 5424 5848 | be00 a821 | c867 0200 | 0048 8386 | d802 0000 

  0x000002679f6894fc: ;   {metadata(method data for {method} {0x00000267b315eee0} 'extractValue' '(Ljava/lang/Object;)Ljava/lang/Object;' in 'jdk/internal/loader/AbstractClassLoaderValue')}
  0x000002679f6894fc: 0148 ba40 | 2237 c867 | 0200 008b | b2cc 0000 | 0083 c602 | 89b2 cc00 | 0000 81e6 | feff 1f00 
  0x000002679f68951c: 83fe 000f | 8469 0700 | 0048 83f8 

  0x000002679f689528: ;   {metadata(method data for {method} {0x00000267b315eee0} 'extractValue' '(Ljava/lang/Object;)Ljava/lang/Object;' in 'jdk/internal/loader/AbstractClassLoaderValue')}
  0x000002679f689528: 0075 1648 | bb40 2237 | c867 0200 | 0080 8b09 | 0100 0001 | e9d2 0000 

  0x000002679f689540: ;   {metadata('jdk/internal/loader/AbstractClassLoaderValue$Memoizer')}
  0x000002679f689540: 0048 b9e8 | fc1e b367 | 0200 008b | 7008 49ba | 0000 00b3 | 6702 0000 | 4903 f248 | 3bce 0f85 
  0x000002679f689560: 9300 0000 

  0x000002679f689564: ;   {metadata(method data for {method} {0x00000267b315eee0} 'extractValue' '(Ljava/lang/Object;)Ljava/lang/Object;' in 'jdk/internal/loader/AbstractClassLoaderValue')}
  0x000002679f689564: 48bb 4022 | 37c8 6702 | 0000 8b48 | 0849 ba00 | 0000 b367 | 0200 0049 | 03ca 483b | 8b20 0100 
  0x000002679f689584: 0075 0d48 | 8383 2801 | 0000 01e9 | 8400 0000 | 483b 8b30 | 0100 0075 | 0d48 8383 | 3801 0000 
  0x000002679f6895a4: 01e9 6e00 | 0000 4881 | bb20 0100 | 0000 0000 | 0075 1748 | 898b 2001 | 0000 48c7 | 8328 0100 
  0x000002679f6895c4: 0001 0000 | 00e9 4a00 | 0000 4881 | bb30 0100 | 0000 0000 | 0075 1748 | 898b 3001 | 0000 48c7 
  0x000002679f6895e4: 8338 0100 | 0001 0000 | 00e9 2600 | 0000 e921 

  0x000002679f6895f4: ;   {metadata(method data for {method} {0x00000267b315eee0} 'extractValue' '(Ljava/lang/Object;)Ljava/lang/Object;' in 'jdk/internal/loader/AbstractClassLoaderValue')}
  0x000002679f6895f4: 0000 0048 | bb40 2237 | c867 0200 | 0048 83ab | 1001 0000 | 01e9 0500 | 0000 e905 | 0000 0048 
  0x000002679f689614: 33d2 eb0a | 48ba 0100 | 0000 0000 | 0000 83fa 

  0x000002679f689624: ;   {metadata(method data for {method} {0x00000267b315eee0} 'extractValue' '(Ljava/lang/Object;)Ljava/lang/Object;' in 'jdk/internal/loader/AbstractClassLoaderValue')}
  0x000002679f689624: 0048 ba40 | 2237 c867 | 0200 0048 | c7c6 4801 | 0000 0f84 | 0700 0000 | 48c7 c658 | 0100 0048 
  0x000002679f689644: 8b1c 3248 | 8d5b 0148 | 891c 320f | 8457 0300 | 0048 897c | 2478 4883 | f800 7516 

  0x000002679f689660: ;   {metadata(method data for {method} {0x00000267b315eee0} 'extractValue' '(Ljava/lang/Object;)Ljava/lang/Object;' in 'jdk/internal/loader/AbstractClassLoaderValue')}
  0x000002679f689660: 48bb 4022 | 37c8 6702 | 0000 808b | 6101 0000 | 01e9 d200 

  0x000002679f689674: ;   {metadata('jdk/internal/loader/AbstractClassLoaderValue$Memoizer')}
  0x000002679f689674: 0000 48ba | e8fc 1eb3 | 6702 0000 | 8b70 0849 | ba00 0000 | b367 0200 | 0049 03f2 | 483b d60f 
  0x000002679f689694: 8593 0000 

  0x000002679f689698: ;   {metadata(method data for {method} {0x00000267b315eee0} 'extractValue' '(Ljava/lang/Object;)Ljava/lang/Object;' in 'jdk/internal/loader/AbstractClassLoaderValue')}
  0x000002679f689698: 0048 bb40 | 2237 c867 | 0200 008b | 5008 49ba | 0000 00b3 | 6702 0000 | 4903 d248 | 3b93 7801 
  0x000002679f6896b8: 0000 750d | 4883 8380 | 0100 0001 | e97f 0000 | 0048 3b93 | 8801 0000 | 750d 4883 | 8390 0100 
  0x000002679f6896d8: 0001 e969 | 0000 0048 | 81bb 7801 | 0000 0000 | 0000 7517 | 4889 9378 | 0100 0048 | c783 8001 
  0x000002679f6896f8: 0000 0100 | 0000 e945 | 0000 0048 | 81bb 8801 | 0000 0000 | 0000 7517 | 4889 9388 | 0100 0048 
  0x000002679f689718: c783 9001 | 0000 0100 | 0000 e921 | 0000 00e9 | 1c00 0000 

  0x000002679f68972c: ;   {metadata(method data for {method} {0x00000267b315eee0} 'extractValue' '(Ljava/lang/Object;)Ljava/lang/Object;' in 'jdk/internal/loader/AbstractClassLoaderValue')}
  0x000002679f68972c: 48bb 4022 | 37c8 6702 | 0000 4883 | ab68 0100 | 0001 e96c | 0500 00e9 | 0000 0000 | 488b d048 
  0x000002679f68974c: 3b02 488b 

  0x000002679f689750: ;   {metadata(method data for {method} {0x00000267b315eee0} 'extractValue' '(Ljava/lang/Object;)Ljava/lang/Object;' in 'jdk/internal/loader/AbstractClassLoaderValue')}
  0x000002679f689750: f248 bb40 | 2237 c867 | 0200 0048 | 8383 a001 | 0000 010f 

  0x000002679f689764: ;   {optimized virtual_call}
  0x000002679f689764: 1f40 00e8 

  0x000002679f689768: ; ImmutableOopMap {[88]=Oop [96]=Oop [104]=Oop [112]=Oop [120]=Oop }
                      ;*invokevirtual get {reexecute=0 rethrow=0 return_oop=0}
                      ; - jdk.internal.loader.AbstractClassLoaderValue::extractValue@11 (line 277)
                      ; - jdk.internal.loader.AbstractClassLoaderValue::computeIfAbsent@99 (line 218)
  0x000002679f689768: 147c 1707 | 4881 c4a0 | 0000 005d 

  0x000002679f689774: ;   {poll_return}
  0x000002679f689774: 493b a748 | 0300 000f | 873c 0500 | 00c3 4c8b | 4c24 684c | 8b44 2460 | 488b 5424 | 5848 8bda 
  0x000002679f689794: ;   {metadata('jdk/internal/loader/AbstractClassLoaderValue$Memoizer')}
  0x000002679f689794: 48ba e8fc | 1eb3 6702 | 0000 498b | 8708 0100 | 0048 8d78 | 2849 3bbf | 1801 0000 | 0f87 1d05 
  0x000002679f6897b4: 0000 4989 | bf08 0100 | 0048 c700 | 0100 0000 | 488b ca49 | ba00 0000 | b367 0200 | 0049 2bca 
  0x000002679f6897d4: 8948 0848 | 33c9 8948 | 0c48 33c9 | 4889 4810 | 4889 4818 | 4889 4820 

  0x000002679f6897ec: ;   {metadata(method data for {method} {0x00000267b315e7f8} 'computeIfAbsent' '(Ljava/lang/ClassLoader;Ljava/util/function/BiFunction;)Ljava/lang/Object;' in 'jdk/internal/loader/AbstractClassLoaderValue')}
  0x000002679f6897ec: 488b d048 | be00 a821 | c867 0200 | 0048 8386 | 0802 0000 

  0x000002679f689800: ;   {metadata(method data for {method} {0x00000267b31f0150} '<init>' '(Ljava/lang/ClassLoader;Ljdk/internal/loader/AbstractClassLoaderValue;Ljava/util/function/BiFunction;)V' in 'jdk/internal/loader/AbstractClassLoaderValue$Memoizer')}
  0x000002679f689800: 0148 baa0 | b194 c867 | 0200 008b | b2cc 0000 | 0083 c602 | 89b2 cc00 | 0000 81e6 | feff 1f00 
  0x000002679f689820: 83fe 000f | 84b7 0400 | 0048 8bd0 

  0x000002679f68982c: ;   {metadata(method data for {method} {0x00000267b31f0150} '<init>' '(Ljava/lang/ClassLoader;Ljdk/internal/loader/AbstractClassLoaderValue;Ljava/util/function/BiFunction;)V' in 'jdk/internal/loader/AbstractClassLoaderValue$Memoizer')}
  0x000002679f68982c: 48be a0b1 | 94c8 6702 | 0000 4883 | 8610 0100 

  0x000002679f68983c: ;   {metadata(method data for {method} {0x00000267b34415f0} '<init>' '()V' in 'java/lang/Object')}
  0x000002679f68983c: 0001 48ba | b8ac 00c8 | 6702 0000 | 8bb2 cc00 | 0000 83c6 | 0289 b2cc | 0000 0081 | e6fe ff1f 
  0x000002679f68985c: 0083 fe00 | 0f84 9b04 | 0000 410f | be57 3883 | fa00 0f85 | ae04 0000 | 4d8b d044 | 8950 1048 
  0x000002679f68987c: 8bd0 4933 | d048 c1ea | 1448 83fa | 000f 85ae | 0400 0041 | 0fbe 5738 | 83fa 000f | 85b8 0400 
  0x000002679f68989c: 004c 8bd3 | 4489 5014 | 488b d048 | 33d3 48c1 | ea14 4883 | fa00 0f85 | b804 0000 | 410f be57 
  0x000002679f6898bc: 3883 fa00 | 0f85 c204 | 0000 4d8b | d144 8950 | 1848 8bd0 | 4933 d148 | c1ea 1448 | 83fa 000f 
  0x000002679f6898dc: 85c2 0400 

  0x000002679f6898e0: ;   {metadata(method data for {method} {0x00000267b315e7f8} 'computeIfAbsent' '(Ljava/lang/ClassLoader;Ljava/util/function/BiFunction;)Ljava/lang/Object;' in 'jdk/internal/loader/AbstractClassLoaderValue')}
  0x000002679f6898e0: 0048 ba00 | a821 c867 | 0200 008b | b2d0 0000 | 0083 c602 | 89b2 d000 | 0000 81e6 | fe3f 0000 
  0x000002679f689900: 83fe 000f | 84b2 0400 | 004d 8b97 

  0x000002679f68990c: ; ImmutableOopMap {[112]=Oop r8=Oop [96]=Oop r9=Oop [104]=Oop rbx=Oop [88]=Oop rax=Oop }
                      ;*goto {reexecute=1 rethrow=0 return_oop=0}
                      ; - (reexecute) jdk.internal.loader.AbstractClassLoaderValue::computeIfAbsent@58 (line 199)
  0x000002679f68990c: 5003 0000 

  0x000002679f689910: ;   {poll}
  0x000002679f689910: 4185 0248 | ba00 a821 | c867 0200 | 00ff 8218 | 0200 0048 | 8bf8 488b | 7424 7048 | 8bd3 e94d 
  0x000002679f689930: faff ff4c | 8b4c 2468 | 4c8b 4424 | 6048 8b5c | 2458 498b | 87d8 0300 | 004d 33d2 | 4d89 97d8 
  0x000002679f689950: 0300 004d | 33d2 4d89 | 97e0 0300 

  0x000002679f68995c: ;   {metadata(method data for {method} {0x00000267b315e7f8} 'computeIfAbsent' '(Ljava/lang/ClassLoader;Ljava/util/function/BiFunction;)Ljava/lang/Object;' in 'jdk/internal/loader/AbstractClassLoaderValue')}
  0x000002679f68995c: 0048 b800 | a821 c867 | 0200 008b | 90d0 0000 | 0083 c202 | 8990 d000 | 0000 81e2 | fe3f 0000 
  0x000002679f68997c: 83fa 000f | 8457 0400 | 004d 8b97 

  0x000002679f689988: ; ImmutableOopMap {[112]=Oop rdi=Oop r8=Oop [96]=Oop r9=Oop [104]=Oop rbx=Oop [88]=Oop }
                      ;*goto {reexecute=1 rethrow=0 return_oop=0}
                      ; - (reexecute) jdk.internal.loader.AbstractClassLoaderValue::computeIfAbsent@110 (line 231)
  0x000002679f689988: 5003 0000 

  0x000002679f68998c: ;   {poll}
  0x000002679f68998c: 4185 0248 | b800 a821 | c867 0200 | 00ff 8010 | 0300 0048 | 8b74 2470 | 488b d3e9 | d4f9 ffff 
  0x000002679f6899ac: 4881 c4a0 | 0000 005d 

  0x000002679f6899b4: ;   {poll_return}
  0x000002679f6899b4: 493b a748 | 0300 000f | 873c 0400 | 00c3 483b | 0748 8bf7 

  0x000002679f6899c8: ;   {metadata(method data for {method} {0x00000267b315e7f8} 'computeIfAbsent' '(Ljava/lang/ClassLoader;Ljava/util/function/BiFunction;)Ljava/lang/Object;' in 'jdk/internal/loader/AbstractClassLoaderValue')}
  0x000002679f6899c8: 48bb 00a8 | 21c8 6702 | 0000 4883 | 8330 0200 | 0001 488b | d748 897c | 2478 0f1f 

  0x000002679f6899e4: ;   {optimized virtual_call}
  0x000002679f6899e4: 4400 00e8 

  0x000002679f6899e8: ; ImmutableOopMap {[112]=Oop [88]=Oop [120]=Oop }
                      ;*invokevirtual get {reexecute=0 rethrow=0 return_oop=0}
                      ; - jdk.internal.loader.AbstractClassLoaderValue::computeIfAbsent@63 (line 205)
  0x000002679f6899e8: 1905 0000 | 488b 7424 

  0x000002679f6899f0: ;   {metadata(method data for {method} {0x00000267b315e7f8} 'computeIfAbsent' '(Ljava/lang/ClassLoader;Ljava/util/function/BiFunction;)Ljava/lang/Object;' in 'jdk/internal/loader/AbstractClassLoaderValue')}
  0x000002679f6899f0: 7049 b800 | a821 c867 | 0200 0049 | 8380 8002 | 0000 014c | 8b44 2458 | 4c8b 4c24 | 7848 8bf8 
  0x000002679f689a10: 488b 5424 | 7048 8984 | 2480 0000 

  0x000002679f689a1c: ;   {optimized virtual_call}
  0x000002679f689a1c: 0066 90e8 

  0x000002679f689a20: ; ImmutableOopMap {[112]=Oop [88]=Oop [120]=Oop [128]=Oop }
                      ;*invokevirtual replace {reexecute=0 rethrow=0 return_oop=0}
                      ; - jdk.internal.loader.AbstractClassLoaderValue::computeIfAbsent@75 (line 207)
  0x000002679f689a20: f104 0000 | 488b 8424 | 8000 0000 | 4881 c4a0 | 0000 005d 

  0x000002679f689a34: ;   {poll_return}
  0x000002679f689a34: 493b a748 | 0300 000f | 87d7 0300 | 00c3 498b | 87d8 0300 | 004d 33d2 | 4d89 97d8 | 0300 004d 
  0x000002679f689a54: 33d2 4d89 | 97e0 0300 | 0048 8b74 

  0x000002679f689a60: ;   {metadata(method data for {method} {0x00000267b315e7f8} 'computeIfAbsent' '(Ljava/lang/ClassLoader;Ljava/util/function/BiFunction;)Ljava/lang/Object;' in 'jdk/internal/loader/AbstractClassLoaderValue')}
  0x000002679f689a60: 2470 49b8 | 00a8 21c8 | 6702 0000 

  0x000002679f689a6c: ;   {metadata('java/util/concurrent/ConcurrentHashMap')}
  0x000002679f689a6c: 49ba 38e4 | 00b3 6702 | 0000 4d89 | 90b0 0200 | 0049 8380 | b802 0000 

  0x000002679f689a84: ;   {metadata(method data for {method} {0x00000267b342d030} 'remove' '(Ljava/lang/Object;Ljava/lang/Object;)Z' in 'java/util/concurrent/ConcurrentHashMap')}
  0x000002679f689a84: 0149 b8f0 | 4723 c867 | 0200 0045 | 8b88 cc00 | 0000 4183 | c102 4589 | 88cc 0000 | 0041 81e1 
  0x000002679f689aa4: feff 1f00 | 4183 f900 | 0f84 7c03 

  0x000002679f689ab0: ;   {metadata(method data for {method} {0x00000267b342d030} 'remove' '(Ljava/lang/Object;Ljava/lang/Object;)Z' in 'java/util/concurrent/ConcurrentHashMap')}
  0x000002679f689ab0: 0000 49b8 | f047 23c8 | 6702 0000 | 41ff 8010 | 0100 0048 | 8b7c 2478 | 4883 ff00 

  0x000002679f689acc: ;   {metadata(method data for {method} {0x00000267b342d030} 'remove' '(Ljava/lang/Object;Ljava/lang/Object;)Z' in 'java/util/concurrent/ConcurrentHashMap')}
  0x000002679f689acc: 49b8 f047 | 23c8 6702 | 0000 49c7 | c140 0100 | 000f 8407 | 0000 0049 | c7c1 5001 | 0000 4b8b 
  0x000002679f689aec: 1408 488d | 5201 4b89 | 1408 4889 | 8424 8800 | 0000 0f84 | 6c00 0000 | 488b 7424 | 7048 8b54 
  0x000002679f689b0c: 2458 4c8b 

  0x000002679f689b10: ;   {metadata(method data for {method} {0x00000267b342d030} 'remove' '(Ljava/lang/Object;Ljava/lang/Object;)Z' in 'java/util/concurrent/ConcurrentHashMap')}
  0x000002679f689b10: c649 b9f0 | 4723 c867 | 0200 0049 | 8381 6001 | 0000 014c 

  0x000002679f689b24: ;   {oop(NULL)}
  0x000002679f689b24: 8bc2 49b9 | 0000 0000 | 0000 0000 | 488b d60f 

  0x000002679f689b34: ;   {optimized virtual_call}
  0x000002679f689b34: 1f40 00e8 

  0x000002679f689b38: ; ImmutableOopMap {[136]=Oop }
                      ;*invokevirtual replaceNode {reexecute=0 rethrow=0 return_oop=0}
                      ; - java.util.concurrent.ConcurrentHashMap::remove@20 (line 1552)
                      ; - jdk.internal.loader.AbstractClassLoaderValue::computeIfAbsent@89 (line 212)
  0x000002679f689b38: 4478 1707 | 4883 f800 

  0x000002679f689b40: ;   {metadata(method data for {method} {0x00000267b342d030} 'remove' '(Ljava/lang/Object;Ljava/lang/Object;)Z' in 'java/util/concurrent/ConcurrentHashMap')}
  0x000002679f689b40: 48b8 f047 | 23c8 6702 | 0000 48c7 | c6a8 0100 | 000f 8507 | 0000 0048 | c7c6 9801 | 0000 488b 
  0x000002679f689b60: 3c30 488d | 7f01 4889 | 3c30 0f85 | 0a00 0000 | be00 0000 | 00e9 3000 

  0x000002679f689b78: ;   {metadata(method data for {method} {0x00000267b342d030} 'remove' '(Ljava/lang/Object;Ljava/lang/Object;)Z' in 'java/util/concurrent/ConcurrentHashMap')}
  0x000002679f689b78: 0000 48b8 | f047 23c8 | 6702 0000 | ff80 b801 | 0000 be01 | 0000 00e9 | 1600 0000 | 4881 c4a0 
  0x000002679f689b98: 0000 005d 

  0x000002679f689b9c: ;   {poll_return}
  0x000002679f689b9c: 493b a748 | 0300 000f | 87a6 0200 | 00c3 83e6 | 0148 8b84 | 2488 0000 | 00e9 f202 | 0000 498b 
  0x000002679f689bbc: 87d8 0300 | 004d 33d2 | 4d89 97d8 | 0300 004d | 33d2 4d89 | 97e0 0300 | 00e9 d202 

  0x000002679f689bd8: ;   {metadata({method} {0x00000267b315e7f8} 'computeIfAbsent' '(Ljava/lang/ClassLoader;Ljava/util/function/BiFunction;)Ljava/lang/Object;' in 'jdk/internal/loader/AbstractClassLoaderValue')}
  0x000002679f689bd8: 0000 49ba | f0e7 15b3 | 6702 0000 | 4c89 5424 | 0848 c704 | 24ff ffff 

  0x000002679f689bf0: ;   {runtime_call counter_overflow Runtime1 stub}
  0x000002679f689bf0: ffe8 8a25 

  0x000002679f689bf4: ; ImmutableOopMap {rdx=Oop [88]=Oop r8=Oop [96]=Oop r9=Oop [104]=Oop }
                      ;*synchronization entry
                      ; - jdk.internal.loader.AbstractClassLoaderValue::computeIfAbsent@-1 (line 189)
  0x000002679f689bf4: 2207 e9ab 

  0x000002679f689bf8: ;   {metadata({method} {0x00000267b315ee88} 'map' '(Ljava/lang/ClassLoader;)Ljava/util/concurrent/ConcurrentHashMap;' in 'jdk/internal/loader/AbstractClassLoaderValue')}
  0x000002679f689bf8: f5ff ff49 | ba80 ee15 | b367 0200 | 004c 8954 | 2408 48c7 | 0424 ffff 

  0x000002679f689c10: ;   {runtime_call counter_overflow Runtime1 stub}
  0x000002679f689c10: ffff e869 

  0x000002679f689c14: ; ImmutableOopMap {rdx=Oop [88]=Oop r8=Oop [96]=Oop r9=Oop [104]=Oop }
                      ;*synchronization entry
                      ; - jdk.internal.loader.AbstractClassLoaderValue::map@-1 (line 265)
                      ; - jdk.internal.loader.AbstractClassLoaderValue::computeIfAbsent@1 (line 189)
  0x000002679f689c14: 2522 07e9 | c4f5 ffff 

  0x000002679f689c1c: ;   {metadata({method} {0x00000267b3112a50} 'getClassLoaderValueMap' '()Ljava/util/concurrent/ConcurrentHashMap;' in 'jdk/internal/loader/BootLoader')}
  0x000002679f689c1c: 49ba 482a | 11b3 6702 | 0000 4c89 | 5424 0848 | c704 24ff 

  0x000002679f689c30: ;   {runtime_call counter_overflow Runtime1 stub}
  0x000002679f689c30: ffff ffe8 

  0x000002679f689c34: ; ImmutableOopMap {rdx=Oop [88]=Oop r8=Oop [96]=Oop r9=Oop [104]=Oop }
                      ;*synchronization entry
                      ; - jdk.internal.loader.BootLoader::getClassLoaderValueMap@-1 (line 97)
                      ; - jdk.internal.loader.AbstractClassLoaderValue::map@4 (line 265)
                      ; - jdk.internal.loader.AbstractClassLoaderValue::computeIfAbsent@1 (line 189)
  0x000002679f689c34: 4825 2207 | e911 f6ff 

  0x000002679f689c3c: ;   {metadata({method} {0x00000267b3407ef8} 'createOrGetClassLoaderValueMap' '(Ljava/lang/ClassLoader;)Ljava/util/concurrent/ConcurrentHashMap;' in 'java/lang/System$2')}
  0x000002679f689c3c: ff49 baf0 | 7e40 b367 | 0200 004c | 8954 2408 | 48c7 0424 | ffff ffff 

  0x000002679f689c54: ;   {runtime_call counter_overflow Runtime1 stub}
  0x000002679f689c54: e827 2522 

  0x000002679f689c58: ; ImmutableOopMap {r8=Oop [96]=Oop [88]=Oop [104]=Oop }
                      ;*synchronization entry
                      ; - java.lang.System$2::createOrGetClassLoaderValueMap@-1 (line 2317)
                      ; - jdk.internal.loader.AbstractClassLoaderValue::map@14 (line 266)
                      ; - jdk.internal.loader.AbstractClassLoaderValue::computeIfAbsent@1 (line 189)
  0x000002679f689c58: 07e9 64f6 

  0x000002679f689c5c: ;   {runtime_call throw_null_pointer_exception Runtime1 stub}
  0x000002679f689c5c: ffff e83d 

  0x000002679f689c60: ; ImmutableOopMap {r8=Oop [96]=Oop [88]=Oop [104]=Oop }
                      ;*invokevirtual createOrGetClassLoaderValueMap {reexecute=0 rethrow=0 return_oop=0}
                      ; - java.lang.System$2::createOrGetClassLoaderValueMap@1 (line 2317)
                      ; - jdk.internal.loader.AbstractClassLoaderValue::map@14 (line 266)
                      ; - jdk.internal.loader.AbstractClassLoaderValue::computeIfAbsent@1 (line 189)
                      ;   {runtime_call throw_null_pointer_exception Runtime1 stub}
  0x000002679f689c60: ce21 07e8 

  0x000002679f689c64: ; ImmutableOopMap {rsi=Oop rdx=Oop [88]=Oop [96]=Oop [120]=Oop [104]=Oop }
                      ;*invokevirtual get {reexecute=0 rethrow=0 return_oop=0}
                      ; - jdk.internal.loader.AbstractClassLoaderValue::computeIfAbsent@19 (line 194)
  0x000002679f689c64: 38ce 2107 

  0x000002679f689c68: ;   {runtime_call throw_null_pointer_exception Runtime1 stub}
  0x000002679f689c68: e833 ce21 

  0x000002679f689c6c: ; ImmutableOopMap {[88]=Oop [96]=Oop [104]=Oop [120]=Oop rsi=Oop }
                      ;*invokevirtual putIfAbsent {reexecute=0 rethrow=0 return_oop=0}
                      ; - jdk.internal.loader.AbstractClassLoaderValue::computeIfAbsent@30 (line 194)
                      ;   {metadata({method} {0x00000267b342cbb8} 'putIfAbsent' '(Ljava/lang/Object;Ljava/lang/Object;)Ljava/lang/Object;' in 'java/util/concurrent/ConcurrentHashMap')}
  0x000002679f689c6c: 0749 bab0 | cb42 b367 | 0200 004c | 8954 2408 | 48c7 0424 | ffff ffff 

  0x000002679f689c84: ;   {runtime_call counter_overflow Runtime1 stub}
  0x000002679f689c84: e8f7 2422 

  0x000002679f689c88: ; ImmutableOopMap {[88]=Oop [96]=Oop [104]=Oop [120]=Oop rsi=Oop }
                      ;*synchronization entry
                      ; - java.util.concurrent.ConcurrentHashMap::putIfAbsent@-1 (line 1541)
                      ; - jdk.internal.loader.AbstractClassLoaderValue::computeIfAbsent@30 (line 194)
  0x000002679f689c88: 07e9 b1f7 

  0x000002679f689c8c: ;   {metadata({method} {0x00000267b315eee0} 'extractValue' '(Ljava/lang/Object;)Ljava/lang/Object;' in 'jdk/internal/loader/AbstractClassLoaderValue')}
  0x000002679f689c8c: ffff 49ba | d8ee 15b3 | 6702 0000 | 4c89 5424 | 0848 c704 | 24ff ffff 

  0x000002679f689ca4: ;   {runtime_call counter_overflow Runtime1 stub}
  0x000002679f689ca4: ffe8 d624 

  0x000002679f689ca8: ; ImmutableOopMap {[88]=Oop [96]=Oop [104]=Oop [112]=Oop rdi=Oop rax=Oop }
                      ;*synchronization entry
                      ; - jdk.internal.loader.AbstractClassLoaderValue::extractValue@-1 (line 276)
                      ; - jdk.internal.loader.AbstractClassLoaderValue::computeIfAbsent@99 (line 218)
  0x000002679f689ca8: 2207 e976 | f8ff ff48 

  0x000002679f689cb0: ;   {runtime_call throw_class_cast_exception Runtime1 stub}
  0x000002679f689cb0: 8904 24e8 

  0x000002679f689cb4: ; ImmutableOopMap {[88]=Oop [96]=Oop [104]=Oop [112]=Oop [120]=Oop }
                      ;*checkcast {reexecute=0 rethrow=0 return_oop=0}
                      ; - jdk.internal.loader.AbstractClassLoaderValue::extractValue@8 (line 277)
                      ; - jdk.internal.loader.AbstractClassLoaderValue::computeIfAbsent@99 (line 218)
  0x000002679f689cb4: e8f4 2107 

  0x000002679f689cb8: ;   {runtime_call throw_null_pointer_exception Runtime1 stub}
  0x000002679f689cb8: e8e3 cd21 

  0x000002679f689cbc: ; ImmutableOopMap {[88]=Oop [96]=Oop [104]=Oop [112]=Oop [120]=Oop rdx=Oop }
                      ;*invokevirtual get {reexecute=0 rethrow=0 return_oop=0}
                      ; - jdk.internal.loader.AbstractClassLoaderValue::extractValue@11 (line 277)
                      ; - jdk.internal.loader.AbstractClassLoaderValue::computeIfAbsent@99 (line 218)
                      ;   {internal_word}
  0x000002679f689cbc: 0749 ba74 | 9768 9f67 | 0200 004d | 8997 6003 

  0x000002679f689ccc: ;   {runtime_call SafepointBlob}
  0x000002679f689ccc: 0000 e92d | dd17 0748 

  0x000002679f689cd4: ;   {runtime_call fast_new_instance Runtime1 stub}
  0x000002679f689cd4: 8bd2 e8a5 

  0x000002679f689cd8: ; ImmutableOopMap {[112]=Oop r8=Oop [96]=Oop r9=Oop [104]=Oop rbx=Oop [88]=Oop }
                      ;*new {reexecute=0 rethrow=0 return_oop=0}
                      ; - jdk.internal.loader.AbstractClassLoaderValue::computeIfAbsent@45 (line 198)
  0x000002679f689cd8: d921 07e9 | 0cfb ffff 

  0x000002679f689ce0: ;   {metadata({method} {0x00000267b31f0150} '<init>' '(Ljava/lang/ClassLoader;Ljdk/internal/loader/AbstractClassLoaderValue;Ljava/util/function/BiFunction;)V' in 'jdk/internal/loader/AbstractClassLoaderValue$Memoizer')}
  0x000002679f689ce0: 49ba 4801 | 1fb3 6702 | 0000 4c89 | 5424 0848 | c704 24ff 

  0x000002679f689cf4: ;   {runtime_call counter_overflow Runtime1 stub}
  0x000002679f689cf4: ffff ffe8 

  0x000002679f689cf8: ; ImmutableOopMap {[112]=Oop r8=Oop [96]=Oop r9=Oop [104]=Oop rbx=Oop [88]=Oop rax=Oop }
                      ;*synchronization entry
                      ; - jdk.internal.loader.AbstractClassLoaderValue$Memoizer::<init>@-1 (line 309)
                      ; - jdk.internal.loader.AbstractClassLoaderValue::computeIfAbsent@53 (line 198)
  0x000002679f689cf8: 8424 2207 | e928 fbff 

  0x000002679f689d00: ;   {metadata({method} {0x00000267b34415f0} '<init>' '()V' in 'java/lang/Object')}
  0x000002679f689d00: ff49 bae8 | 1544 b367 | 0200 004c | 8954 2408 | 48c7 0424 | ffff ffff 

  0x000002679f689d18: ;   {runtime_call counter_overflow Runtime1 stub}
  0x000002679f689d18: e863 2422 

  0x000002679f689d1c: ; ImmutableOopMap {[112]=Oop r8=Oop [96]=Oop r9=Oop [104]=Oop rbx=Oop [88]=Oop rax=Oop }
                      ;*synchronization entry
                      ; - java.lang.Object::<init>@-1 (line 44)
                      ; - jdk.internal.loader.AbstractClassLoaderValue$Memoizer::<init>@1 (line 309)
                      ; - jdk.internal.loader.AbstractClassLoaderValue::computeIfAbsent@53 (line 198)
  0x000002679f689d1c: 07e9 44fb | ffff 8b50 | 1048 83fa | 000f 8445 | fbff ff48 

  0x000002679f689d30: ;   {runtime_call g1_pre_barrier_slow}
  0x000002679f689d30: 8914 24e8 | 482a 2207 | e937 fbff | ff49 83f8 | 000f 8448 | fbff ff48 

  0x000002679f689d48: ;   {runtime_call g1_post_barrier_slow}
  0x000002679f689d48: 8904 24e8 | 302d 2207 | e93a fbff | ff8b 5014 | 4883 fa00 | 0f84 3bfb | ffff 4889 

  0x000002679f689d64: ;   {runtime_call g1_pre_barrier_slow}
  0x000002679f689d64: 1424 e815 | 2a22 07e9 | 2dfb ffff | 4883 fb00 | 0f84 3efb | ffff 4889 

  0x000002679f689d7c: ;   {runtime_call g1_post_barrier_slow}
  0x000002679f689d7c: 0424 e8fd | 2c22 07e9 | 30fb ffff | 8b50 1848 | 83fa 000f | 8431 fbff | ff48 8914 

  0x000002679f689d98: ;   {runtime_call g1_pre_barrier_slow}
  0x000002679f689d98: 24e8 e229 | 2207 e923 | fbff ff49 | 83f9 000f | 8434 fbff | ff48 8904 

  0x000002679f689db0: ;   {runtime_call g1_post_barrier_slow}
  0x000002679f689db0: 24e8 ca2c | 2207 e926 

  0x000002679f689db8: ;   {metadata({method} {0x00000267b315e7f8} 'computeIfAbsent' '(Ljava/lang/ClassLoader;Ljava/util/function/BiFunction;)Ljava/lang/Object;' in 'jdk/internal/loader/AbstractClassLoaderValue')}
  0x000002679f689db8: fbff ff49 | baf0 e715 | b367 0200 | 004c 8954 | 2408 48c7 | 0424 3a00 

  0x000002679f689dd0: ;   {runtime_call counter_overflow Runtime1 stub}
  0x000002679f689dd0: 0000 e8a9 

  0x000002679f689dd4: ; ImmutableOopMap {[112]=Oop r8=Oop [96]=Oop r9=Oop [104]=Oop rbx=Oop [88]=Oop rax=Oop }
                      ;*goto {reexecute=1 rethrow=0 return_oop=0}
                      ; - (reexecute) jdk.internal.loader.AbstractClassLoaderValue::computeIfAbsent@58 (line 199)
  0x000002679f689dd4: 2322 07e9 | 2dfb ffff 

  0x000002679f689ddc: ;   {metadata({method} {0x00000267b315e7f8} 'computeIfAbsent' '(Ljava/lang/ClassLoader;Ljava/util/function/BiFunction;)Ljava/lang/Object;' in 'jdk/internal/loader/AbstractClassLoaderValue')}
  0x000002679f689ddc: 49ba f0e7 | 15b3 6702 | 0000 4c89 | 5424 0848 | c704 246e 

  0x000002679f689df0: ;   {runtime_call counter_overflow Runtime1 stub}
  0x000002679f689df0: 0000 00e8 

  0x000002679f689df4: ; ImmutableOopMap {[112]=Oop rdi=Oop r8=Oop [96]=Oop r9=Oop [104]=Oop rbx=Oop [88]=Oop }
                      ;*goto {reexecute=1 rethrow=0 return_oop=0}
                      ; - (reexecute) jdk.internal.loader.AbstractClassLoaderValue::computeIfAbsent@110 (line 231)
  0x000002679f689df4: 8823 2207 | e988 fbff 

  0x000002679f689dfc: ;   {internal_word}
  0x000002679f689dfc: ff49 bab4 | 9968 9f67 | 0200 004d | 8997 6003 

  0x000002679f689e0c: ;   {runtime_call SafepointBlob}
  0x000002679f689e0c: 0000 e9ed 

  0x000002679f689e10: ;   {runtime_call throw_null_pointer_exception Runtime1 stub}
  0x000002679f689e10: db17 07e8 

  0x000002679f689e14: ; ImmutableOopMap {[88]=Oop rdi=Oop [112]=Oop }
                      ;*invokevirtual get {reexecute=0 rethrow=0 return_oop=0}
                      ; - jdk.internal.loader.AbstractClassLoaderValue::computeIfAbsent@63 (line 205)
  0x000002679f689e14: 88cc 2107 

  0x000002679f689e18: ;   {internal_word}
  0x000002679f689e18: 49ba 349a | 689f 6702 | 0000 4d89 | 9760 0300 

  0x000002679f689e28: ;   {runtime_call SafepointBlob}
  0x000002679f689e28: 00e9 d2db 

  0x000002679f689e2c: ;   {metadata({method} {0x00000267b342d030} 'remove' '(Ljava/lang/Object;Ljava/lang/Object;)Z' in 'java/util/concurrent/ConcurrentHashMap')}
  0x000002679f689e2c: 1707 49ba | 28d0 42b3 | 6702 0000 | 4c89 5424 | 0848 c704 | 24ff ffff 

  0x000002679f689e44: ;   {runtime_call counter_overflow Runtime1 stub}
  0x000002679f689e44: ffe8 3623 

  0x000002679f689e48: ; ImmutableOopMap {[112]=Oop [88]=Oop [120]=Oop rax=Oop }
                      ;*synchronization entry
                      ; - java.util.concurrent.ConcurrentHashMap::remove@-1 (line 1550)
                      ; - jdk.internal.loader.AbstractClassLoaderValue::computeIfAbsent@89 (line 212)
  0x000002679f689e48: 2207 e963 

  0x000002679f689e4c: ;   {internal_word}
  0x000002679f689e4c: fcff ff49 | ba9c 9b68 | 9f67 0200 | 004d 8997 | 6003 0000 

  0x000002679f689e60: ;   {runtime_call SafepointBlob}
  0x000002679f689e60: e99b db17 | 0748 8b7c | 2478 e9c4 | faff ff48 | 8b7c 2478 | e9ba faff | ff48 8b7c | 2478 e9b0 
  0x000002679f689e80: faff ff48 | 897c 2478 | e9b5 fbff | ff90 9049 | 8b87 d803 | 0000 49c7 | 87d8 0300 | 0000 0000 
  0x000002679f689ea0: 0049 c787 | e003 0000 | 0000 0000 | 4881 c4a0 | 0000 005d 

  0x000002679f689eb4: ;   {runtime_call unwind_exception Runtime1 stub}
  0x000002679f689eb4: e947 e918 | 07f4 f4f4 | f4f4 f4f4 
[Stub Code]
  0x000002679f689ec0: ;   {no_reloc}
  0x000002679f689ec0: 0f1f 4400 

  0x000002679f689ec4: ;   {static_stub}
  0x000002679f689ec4: 0048 bb00 | 0000 0000 

  0x000002679f689ecc: ;   {runtime_call}
  0x000002679f689ecc: 0000 00e9 | fbff ffff 

  0x000002679f689ed4: ;   {static_stub}
  0x000002679f689ed4: 9048 bbd0 | cf42 b367 

  0x000002679f689edc: ;   {runtime_call I2C/C2I adapters}
  0x000002679f689edc: 0200 00e9 | 79c7 1707 

  0x000002679f689ee4: ;   {static_stub}
  0x000002679f689ee4: 9048 bb00 | 0000 0000 

  0x000002679f689eec: ;   {runtime_call}
  0x000002679f689eec: 0000 00e9 | fbff ffff 

  0x000002679f689ef4: ;   {static_stub}
  0x000002679f689ef4: 9048 bb00 | 0000 0000 

  0x000002679f689efc: ;   {runtime_call}
  0x000002679f689efc: 0000 00e9 | fbff ffff 

  0x000002679f689f04: ;   {static_stub}
  0x000002679f689f04: 9048 bba0 | 011f b367 

  0x000002679f689f0c: ;   {runtime_call I2C/C2I adapters}
  0x000002679f689f0c: 0200 00e9 | 45be 1707 

  0x000002679f689f14: ;   {static_stub}
  0x000002679f689f14: 9048 bb18 | ce42 b367 

  0x000002679f689f1c: ;   {runtime_call I2C/C2I adapters}
  0x000002679f689f1c: 0200 00e9 | c1dd 1607 

  0x000002679f689f24: ;   {static_stub}
  0x000002679f689f24: 9048 bb00 | 0000 0000 

  0x000002679f689f2c: ;   {runtime_call}
  0x000002679f689f2c: 0000 00e9 | fbff ffff 
[Exception Handler]
  0x000002679f689f34: ;   {runtime_call handle_exception_from_callee Runtime1 stub}
  0x000002679f689f34: e847 ec21 

  0x000002679f689f38: ;   {external_word}
  0x000002679f689f38: 0748 b900 | fa37 03fa | 7f00 0048 

  0x000002679f689f44: ;   {runtime_call}
  0x000002679f689f44: 83e4 f049 | baf0 9700 | 03fa 7f00 | 0041 ffd2 

  0x000002679f689f54: ;   {section_word}
  0x000002679f689f54: f449 ba55 | 9f68 9f67 | 0200 0041 

  0x000002679f689f60: ;   {runtime_call DeoptimizationBlob}
  0x000002679f689f60: 52e9 3acd | 1707 f4f4 
[/MachCode]


Compiled method (c1) 10470 1494       3       java.lang.reflect.Proxy::getProxyConstructor (92 bytes)
 total in heap  [0x000002679f555e90,0x000002679f557da0] = 7952
 relocation     [0x000002679f555ff0,0x000002679f556190] = 416
 main code      [0x000002679f5561a0,0x000002679f5577a0] = 5632
 stub code      [0x000002679f5577a0,0x000002679f557848] = 168
 oops           [0x000002679f557848,0x000002679f557860] = 24
 metadata       [0x000002679f557860,0x000002679f5578c0] = 96
 scopes data    [0x000002679f5578c0,0x000002679f557b00] = 576
 scopes pcs     [0x000002679f557b00,0x000002679f557d80] = 640
 dependencies   [0x000002679f557d80,0x000002679f557d88] = 8
 nul chk table  [0x000002679f557d88,0x000002679f557da0] = 24

[Constant Pool (empty)]

[MachCode]
[Verified Entry Point]
  # {method} {0x00000267c80f3948} 'getProxyConstructor' '(Ljava/lang/Class;Ljava/lang/ClassLoader;[Ljava/lang/Class;)Ljava/lang/reflect/Constructor;' in 'java/lang/reflect/Proxy'
  # parm0:    rdx:rdx   = 'java/lang/Class'
  # parm1:    r8:r8     = 'java/lang/ClassLoader'
  # parm2:    r9:r9     = '[Ljava/lang/Class;'
  #           [sp+0xf0]  (sp of caller)
  0x000002679f5561a0: 8984 2400 | 90ff ff55 | 4881 ece0 | 0000 004c | 8984 24a8 

  0x000002679f5561b4: ;   {metadata(method data for {method} {0x00000267c80f3948} 'getProxyConstructor' '(Ljava/lang/Class;Ljava/lang/ClassLoader;[Ljava/lang/Class;)Ljava/lang/reflect/Constructor;' in 'java/lang/reflect/Proxy')}
  0x000002679f5561b4: 0000 0048 | bef8 9d21 | c867 0200 | 008b becc | 0000 0083 | c702 89be | cc00 0000 | 81e7 fe07 
  0x000002679f5561d4: 0000 83ff | 000f 844a | 1100 0041 | 8b71 0c83 

  0x000002679f5561e4: ;   {metadata(method data for {method} {0x00000267c80f3948} 'getProxyConstructor' '(Ljava/lang/Class;Ljava/lang/ClassLoader;[Ljava/lang/Class;)Ljava/lang/reflect/Constructor;' in 'java/lang/reflect/Proxy')}
  0x000002679f5561e4: fe01 48be | f89d 21c8 | 6702 0000 | 48c7 c710 | 0100 000f | 8507 0000 | 0048 c7c7 | 2001 0000 
  0x000002679f556204: 488b 1c3e | 488d 5b01 | 4889 1c3e | 0f85 4b00 | 0000 4181 | 790c 0000 | 0000 0f86 | 2b11 0000 
  0x000002679f556224: 458b 5910 | 4883 fa00 

  0x000002679f55622c: ;   {metadata(method data for {method} {0x00000267c80f3948} 'getProxyConstructor' '(Ljava/lang/Class;Ljava/lang/ClassLoader;[Ljava/lang/Class;)Ljava/lang/reflect/Constructor;' in 'java/lang/reflect/Proxy')}
  0x000002679f55622c: 48be f89d | 21c8 6702 | 0000 48c7 | c730 0100 | 000f 8407 | 0000 0048 | c7c7 4001 | 0000 488b 
  0x000002679f55624c: 1c3e 488d | 5b01 4889 | 1c3e 0f84 | d80a 0000 | e9b7 0800 | 0048 8994 | 24a0 0000 | 0049 8bf1 
  0x000002679f55626c: ;   {metadata(method data for {method} {0x00000267c80f3948} 'getProxyConstructor' '(Ljava/lang/Class;Ljava/lang/ClassLoader;[Ljava/lang/Class;)Ljava/lang/reflect/Constructor;' in 'java/lang/reflect/Proxy')}
  0x000002679f55626c: 48bf f89d | 21c8 6702 | 0000 8b76 | 0849 ba00 | 0000 b367 | 0200 0049 | 03f2 483b | b770 0200 
  0x000002679f55628c: 0075 0d48 | 8387 7802 | 0000 01e9 | 6600 0000 | 483b b780 | 0200 0075 | 0d48 8387 | 8802 0000 
  0x000002679f5562ac: 01e9 5000 | 0000 4881 | bf70 0200 | 0000 0000 | 0075 1748 | 89b7 7002 | 0000 48c7 | 8778 0200 
  0x000002679f5562cc: 0001 0000 | 00e9 2c00 | 0000 4881 | bf80 0200 | 0000 0000 | 0075 1748 | 89b7 8002 | 0000 48c7 
  0x000002679f5562ec: 8788 0200 | 0001 0000 | 00e9 0800 | 0000 4883 | 8760 0200 | 0001 498b | d148 b8ff | ffff ffff 
  0x000002679f55630c: ;   {virtual_call}
  0x000002679f55630c: ffff ffe8 

  0x000002679f556310: ; ImmutableOopMap {[160]=Oop [168]=Oop }
                      ;*invokevirtual clone {reexecute=0 rethrow=0 return_oop=0}
                      ; - java.lang.reflect.Proxy::getProxyConstructor@48 (line 433)
  0x000002679f556310: 6cb3 2a07 | 4883 f800 

  0x000002679f556318: ;   {metadata(method data for {method} {0x00000267c80f3948} 'getProxyConstructor' '(Ljava/lang/Class;Ljava/lang/ClassLoader;[Ljava/lang/Class;)Ljava/lang/reflect/Constructor;' in 'java/lang/reflect/Proxy')}
  0x000002679f556318: 7517 49b8 | f89d 21c8 | 6702 0000 | 4180 8891 | 0200 0001 | e9d5 0000 

  0x000002679f556330: ;   {metadata('java/lang/Class'[])}
  0x000002679f556330: 0049 b978 | 1c00 b367 | 0200 0044 | 8b40 0849 | ba00 0000 | b367 0200 | 004d 03c2 | 4d3b 4840 
  0x000002679f556350: 0f85 9400 

  0x000002679f556354: ;   {metadata(method data for {method} {0x00000267c80f3948} 'getProxyConstructor' '(Ljava/lang/Class;Ljava/lang/ClassLoader;[Ljava/lang/Class;)Ljava/lang/reflect/Constructor;' in 'java/lang/reflect/Proxy')}
  0x000002679f556354: 0000 49b8 | f89d 21c8 | 6702 0000 | 448b 4808 | 49ba 0000 | 00b3 6702 | 0000 4d03 | ca4d 3b88 
  0x000002679f556374: a802 0000 | 750d 4983 | 80b0 0200 | 0001 e97f | 0000 004d | 3b88 b802 | 0000 750d | 4983 80c0 
  0x000002679f556394: 0200 0001 | e969 0000 | 0049 81b8 | a802 0000 | 0000 0000 | 7517 4d89 | 88a8 0200 | 0049 c780 
  0x000002679f5563b4: b002 0000 | 0100 0000 | e945 0000 | 0049 81b8 | b802 0000 | 0000 0000 | 7517 4d89 | 88b8 0200 
  0x000002679f5563d4: 0049 c780 | c002 0000 | 0100 0000 | e921 0000 | 00e9 1c00 

  0x000002679f5563e8: ;   {metadata(method data for {method} {0x00000267c80f3948} 'getProxyConstructor' '(Ljava/lang/Class;Ljava/lang/ClassLoader;[Ljava/lang/Class;)Ljava/lang/reflect/Constructor;' in 'java/lang/reflect/Proxy')}
  0x000002679f5563e8: 0000 49b8 | f89d 21c8 | 6702 0000 | 4983 a898 | 0200 0001 | e960 0f00 | 00e9 0000 | 0000 488b 
  0x000002679f556408: f04c 8b84 | 24a0 0000 | 0049 83f8 

  0x000002679f556414: ;   {metadata(method data for {method} {0x00000267c80f3948} 'getProxyConstructor' '(Ljava/lang/Class;Ljava/lang/ClassLoader;[Ljava/lang/Class;)Ljava/lang/reflect/Constructor;' in 'java/lang/reflect/Proxy')}
  0x000002679f556414: 0048 baf8 | 9d21 c867 | 0200 0049 | c7c1 e002 | 0000 0f85 | 0700 0000 | 49c7 c1d0 | 0200 004a 
  0x000002679f556434: 8b3c 0a48 | 8d7f 014a | 893c 0a0f | 8508 0000 | 0048 8bde | e937 0000 

  0x000002679f55644c: ;   {metadata(method data for {method} {0x00000267c80f3948} 'getProxyConstructor' '(Ljava/lang/Class;Ljava/lang/ClassLoader;[Ljava/lang/Class;)Ljava/lang/reflect/Constructor;' in 'java/lang/reflect/Proxy')}
  0x000002679f55644c: 0048 baf8 | 9d21 c867 | 0200 0048 | 8382 f002 | 0000 0149 | 8bd0 4c8b | 8424 a800 | 0000 4c8b 
  0x000002679f55646c: ce48 89b4 | 24b0 0000 

  0x000002679f556474: ;   {static_call}
  0x000002679f556474: 0066 90e8 

  0x000002679f556478: ; ImmutableOopMap {[168]=Oop [176]=Oop }
                      ;*invokestatic checkProxyAccess {reexecute=0 rethrow=0 return_oop=0}
                      ; - java.lang.reflect.Proxy::getProxyConstructor@62 (line 435)
  0x000002679f556478: 04b5 2a07 | 488b 9c24 | b000 0000 

  0x000002679f556484: ;   {metadata(method data for {method} {0x00000267c80f3948} 'getProxyConstructor' '(Ljava/lang/Class;Ljava/lang/ClassLoader;[Ljava/lang/Class;)Ljava/lang/reflect/Constructor;' in 'java/lang/reflect/Proxy')}
  0x000002679f556484: 48ba f89d | 21c8 6702 | 0000 4883 | 8200 0300 

  0x000002679f556494: ;   {metadata(method data for {method} {0x00000267b33e4b48} 'asList' '([Ljava/lang/Object;)Ljava/util/List;' in 'java/util/Arrays')}
  0x000002679f556494: 0001 48ba | 00b7 21c8 | 6702 0000 | 8bb2 cc00 | 0000 83c6 | 0289 b2cc | 0000 0081 | e6fe ff1f 
  0x000002679f5564b4: 0083 fe00 | 0f84 ac0e 

  0x000002679f5564bc: ;   {metadata('java/util/Arrays$ArrayList')}
  0x000002679f5564bc: 0000 48ba | 283f 1cb3 | 6702 0000 | 498b 8708 | 0100 0048 | 8d78 1849 | 3bbf 1801 | 0000 0f87 
  0x000002679f5564dc: ab0e 0000 | 4989 bf08 | 0100 0048 | c700 0100 | 0000 488b | ca49 ba00 | 0000 b367 | 0200 0049 
  0x000002679f5564fc: 2bca 8948 | 0848 33c9 | 8948 0c48 | 33c9 4889 | 4810 488b 

  0x000002679f556510: ;   {metadata(method data for {method} {0x00000267b33e4b48} 'asList' '([Ljava/lang/Object;)Ljava/util/List;' in 'java/util/Arrays')}
  0x000002679f556510: d048 be00 | b721 c867 | 0200 0048 | 8386 1001 

  0x000002679f556520: ;   {metadata(method data for {method} {0x00000267b31c4820} '<init>' '([Ljava/lang/Object;)V' in 'java/util/Arrays$ArrayList')}
  0x000002679f556520: 0000 0148 | ba48 b821 | c867 0200 | 008b b2cc | 0000 0083 | c602 89b2 | cc00 0000 | 81e6 feff 
  0x000002679f556540: 1f00 83fe | 000f 844d | 0e00 0048 

  0x000002679f55654c: ;   {metadata(method data for {method} {0x00000267b31c4820} '<init>' '([Ljava/lang/Object;)V' in 'java/util/Arrays$ArrayList')}
  0x000002679f55654c: 8bd0 48be | 48b8 21c8 | 6702 0000 | 4883 8610 | 0100 0001 

  0x000002679f556560: ;   {metadata(method data for {method} {0x00000267b33c8118} '<init>' '()V' in 'java/util/AbstractList')}
  0x000002679f556560: 48ba d8cf | 07c8 6702 | 0000 8bb2 | cc00 0000 | 83c6 0289 | b2cc 0000 | 0081 e6fe | ff1f 0083 
  0x000002679f556580: fe00 0f84 | 310e 0000 

  0x000002679f556588: ;   {metadata(method data for {method} {0x00000267b33c8118} '<init>' '()V' in 'java/util/AbstractList')}
  0x000002679f556588: 488b d048 | bed8 cf07 | c867 0200 | 0048 8386 | 1001 0000 

  0x000002679f55659c: ;   {metadata(method data for {method} {0x00000267b3071a98} '<init>' '()V' in 'java/util/AbstractCollection')}
  0x000002679f55659c: 0148 bae8 | 4601 c867 | 0200 008b | b2cc 0000 | 0083 c602 | 89b2 cc00 | 0000 81e6 | feff 1f00 
  0x000002679f5565bc: 83fe 000f | 8415 0e00 | 0048 8bd0 

  0x000002679f5565c8: ;   {metadata(method data for {method} {0x00000267b3071a98} '<init>' '()V' in 'java/util/AbstractCollection')}
  0x000002679f5565c8: 48be e846 | 01c8 6702 | 0000 4883 | 8610 0100 

  0x000002679f5565d8: ;   {metadata(method data for {method} {0x00000267b34415f0} '<init>' '()V' in 'java/lang/Object')}
  0x000002679f5565d8: 0001 48ba | b8ac 00c8 | 6702 0000 | 8bb2 cc00 | 0000 83c6 | 0289 b2cc | 0000 0081 | e6fe ff1f 
  0x000002679f5565f8: 0083 fe00 | 0f84 f90d 

  0x000002679f556600: ;   {metadata(method data for {method} {0x00000267b31c4820} '<init>' '([Ljava/lang/Object;)V' in 'java/util/Arrays$ArrayList')}
  0x000002679f556600: 0000 48ba | 48b8 21c8 | 6702 0000 | 4883 8220 | 0100 0001 

  0x000002679f556614: ;   {metadata(method data for {method} {0x00000267b3075818} 'requireNonNull' '(Ljava/lang/Object;)Ljava/lang/Object;' in 'java/util/Objects')}
  0x000002679f556614: 48ba 503f | 01c8 6702 | 0000 8bb2 | cc00 0000 | 83c6 0289 | b2cc 0000 | 0081 e6fe | ff1f 0083 
  0x000002679f556634: fe00 0f84 | e00d 0000 | 4883 fb00 

  0x000002679f556640: ;   {metadata(method data for {method} {0x00000267b3075818} 'requireNonNull' '(Ljava/lang/Object;)Ljava/lang/Object;' in 'java/util/Objects')}
  0x000002679f556640: 48ba 503f | 01c8 6702 | 0000 48c7 | c620 0100 | 000f 8407 | 0000 0048 | c7c6 1001 | 0000 488b 
  0x000002679f556660: 3c32 488d | 7f01 4889 | 3c32 0f84 | 200c 0000 | 410f be57 | 3883 fa00 | 0f85 bf0d | 0000 4c8b 
  0x000002679f556680: d344 8950 | 1048 8bd0 | 4833 d348 | c1ea 1448 | 83fa 000f | 85bf 0d00 

  0x000002679f556698: ;   {oop(a 'jdk/internal/loader/ClassLoaderValue'{0x00000000e0bdc508})}
  0x000002679f556698: 0048 ba08 | c5bd e000 

  0x000002679f5566a0: ;   {metadata(method data for {method} {0x00000267c80f3948} 'getProxyConstructor' '(Ljava/lang/Class;Ljava/lang/ClassLoader;[Ljava/lang/Class;)Ljava/lang/reflect/Constructor;' in 'java/lang/reflect/Proxy')}
  0x000002679f5566a0: 0000 0048 | bef8 9d21 | c867 0200 | 008b 5208 | 49ba 0000 | 00b3 6702 | 0000 4903 | d248 3b96 
  0x000002679f5566c0: 2003 0000 | 750d 4883 | 8628 0300 | 0001 e966 | 0000 0048 | 3b96 3003 | 0000 750d | 4883 8638 
  0x000002679f5566e0: 0300 0001 | e950 0000 | 0048 81be | 2003 0000 | 0000 0000 | 7517 4889 | 9620 0300 | 0048 c786 
  0x000002679f556700: 2803 0000 | 0100 0000 | e92c 0000 | 0048 81be | 3003 0000 | 0000 0000 | 7517 4889 | 9630 0300 
  0x000002679f556720: 0048 c786 | 3803 0000 | 0100 0000 | e908 0000 | 0048 8386 | 1003 0000 

  0x000002679f556738: ;   {metadata(method data for {method} {0x00000267b315e8a8} 'sub' '(Ljava/lang/Object;)Ljdk/internal/loader/AbstractClassLoaderValue$Sub;' in 'jdk/internal/loader/AbstractClassLoaderValue')}
  0x000002679f556738: 0148 ba50 | 9621 c867 | 0200 008b | b2cc 0000 | 0083 c602 | 89b2 cc00 | 0000 81e6 | feff 1f00 
  0x000002679f556758: 83fe 000f | 840f 0d00 

  0x000002679f556760: ;   {metadata('jdk/internal/loader/AbstractClassLoaderValue$Sub')}
  0x000002679f556760: 0048 ba30 | e004 b467 | 0200 0048 | 8bd8 498b | 8708 0100 | 0048 8d78 | 1849 3bbf | 1801 0000 
  0x000002679f556780: 0f87 0b0d | 0000 4989 | bf08 0100 | 0048 c700 | 0100 0000 | 488b ca49 | ba00 0000 | b367 0200 
  0x000002679f5567a0: 0049 2bca | 8948 0848 | 33c9 8948 | 0c48 33c9 | 4889 4810 

  0x000002679f5567b4: ;   {metadata(method data for {method} {0x00000267b315e8a8} 'sub' '(Ljava/lang/Object;)Ljdk/internal/loader/AbstractClassLoaderValue$Sub;' in 'jdk/internal/loader/AbstractClassLoaderValue')}
  0x000002679f5567b4: 488b d048 | be50 9621 | c867 0200 | 0048 8386 | 1001 0000 

  0x000002679f5567c8: ;   {metadata(method data for {method} {0x00000267c80f6640} '<init>' '(Ljdk/internal/loader/AbstractClassLoaderValue;Ljava/lang/Object;)V' in 'jdk/internal/loader/AbstractClassLoaderValue$Sub')}
  0x000002679f5567c8: 0148 baa0 | 9721 c867 | 0200 008b | b2cc 0000 | 0083 c602 | 89b2 cc00 | 0000 81e6 | feff 1f00 
  0x000002679f5567e8: 83fe 000f | 84ad 0c00 | 0041 0fbe | 5738 83fa | 000f 85c0 

  0x000002679f5567fc: ;   {oop(a 'jdk/internal/loader/ClassLoaderValue'{0x00000000e0bdc508})}
  0x000002679f5567fc: 0c00 0049 | ba08 c5bd | e000 0000 | 0044 8950 

  0x000002679f55680c: ;   {oop(a 'jdk/internal/loader/ClassLoaderValue'{0x00000000e0bdc508})}
  0x000002679f55680c: 1048 ba08 | c5bd e000 | 0000 0048 | 8bf0 4833 | f248 c1ee | 1448 83fe | 000f 85af | 0c00 0048 
  0x000002679f55682c: ;   {metadata(method data for {method} {0x00000267c80f6640} '<init>' '(Ljdk/internal/loader/AbstractClassLoaderValue;Ljava/lang/Object;)V' in 'jdk/internal/loader/AbstractClassLoaderValue$Sub')}
  0x000002679f55682c: 8bd0 48be | a097 21c8 | 6702 0000 | 4883 8610 | 0100 0001 

  0x000002679f556840: ;   {metadata(method data for {method} {0x00000267b315edd8} '<init>' '()V' in 'jdk/internal/loader/AbstractClassLoaderValue')}
  0x000002679f556840: 48ba 086b | 21c8 6702 | 0000 8bb2 | cc00 0000 | 83c6 0289 | b2cc 0000 | 0081 e6fe | ff1f 0083 
  0x000002679f556860: fe00 0f84 | 8a0c 0000 

  0x000002679f556868: ;   {metadata(method data for {method} {0x00000267b315edd8} '<init>' '()V' in 'jdk/internal/loader/AbstractClassLoaderValue')}
  0x000002679f556868: 488b d048 | be08 6b21 | c867 0200 | 0048 8386 | 1001 0000 

  0x000002679f55687c: ;   {metadata(method data for {method} {0x00000267b34415f0} '<init>' '()V' in 'java/lang/Object')}
  0x000002679f55687c: 0148 bab8 | ac00 c867 | 0200 008b | b2cc 0000 | 0083 c602 | 89b2 cc00 | 0000 81e6 | feff 1f00 
  0x000002679f55689c: 83fe 000f | 846e 0c00 | 0041 0fbe | 5738 83fa | 000f 8581 | 0c00 004c | 8bd3 4489 | 500c 488b 
  0x000002679f5568bc: d048 33d3 | 48c1 ea14 | 4883 fa00 | 0f85 810c | 0000 6690 

  0x000002679f5568d0: ;   {no_reloc}
  0x000002679f5568d0: e9a1 0c00 | 0090 9090 | 9090 4889 | 8424 b800 | 0000 0f1f 

  0x000002679f5568e4: ;   {static_call}
  0x000002679f5568e4: 4400 00e8 

  0x000002679f5568e8: ; ImmutableOopMap {[168]=Oop [184]=Oop }
                      ;*invokedynamic {reexecute=0 rethrow=0 return_oop=0}
                      ; - java.lang.reflect.Proxy::getProxyConstructor@80 (line 438)
  0x000002679f5568e8: 94b0 2a07 

  0x000002679f5568ec: ;   {metadata(method data for {method} {0x00000267c80f3948} 'getProxyConstructor' '(Ljava/lang/Class;Ljava/lang/ClassLoader;[Ljava/lang/Class;)Ljava/lang/reflect/Constructor;' in 'java/lang/reflect/Proxy')}
  0x000002679f5568ec: 49b8 f89d | 21c8 6702 | 0000 4d8d | 8058 0300 | 0048 85c0 | 7510 49f7 | 0001 0000 | 0075 51f0 
  0x000002679f55690c: 4983 0801 | eb4a 448b | 4808 49ba | 0000 00b3 | 6702 0000 | 4d03 ca4d | 8bd1 4d33 | 0849 f7c1 
  0x000002679f55692c: fcff ffff | 742a 49f7 | c102 0000 | 0075 2149 | f700 feff | ffff 7415 | 4d8b ca4d | 3308 49f7 
  0x000002679f55694c: c1fc ffff | ff74 0949 | 8308 02eb | 034d 8908 | 4c8b 8424 | b800 0000 

  0x000002679f556964: ;   {metadata(method data for {method} {0x00000267c80f3948} 'getProxyConstructor' '(Ljava/lang/Class;Ljava/lang/ClassLoader;[Ljava/lang/Class;)Ljava/lang/reflect/Constructor;' in 'java/lang/reflect/Proxy')}
  0x000002679f556964: 49b9 f89d | 21c8 6702 | 0000 458b | 4008 49ba | 0000 00b3 | 6702 0000 | 4d03 c24d | 3b81 7803 
  0x000002679f556984: 0000 750d | 4983 8180 | 0300 0001 | e966 0000 | 004d 3b81 | 8803 0000 | 750d 4983 | 8190 0300 
  0x000002679f5569a4: 0001 e950 | 0000 0049 | 81b9 7803 | 0000 0000 | 0000 7517 | 4d89 8178 | 0300 0049 | c781 8003 
  0x000002679f5569c4: 0000 0100 | 0000 e92c | 0000 0049 | 81b9 8803 | 0000 0000 | 0000 7517 | 4d89 8188 | 0300 0049 
  0x000002679f5569e4: c781 9003 | 0000 0100 | 0000 e908 | 0000 0049 | 8381 6803 | 0000 014c | 8b84 24a8 | 0000 004c 
  0x000002679f556a04: 8bc8 488b | 9424 b800 

  0x000002679f556a0c: ;   {optimized virtual_call}
  0x000002679f556a0c: 0000 90e8 

  0x000002679f556a10: ; ImmutableOopMap {}
                      ;*invokevirtual computeIfAbsent {reexecute=0 rethrow=0 return_oop=0}
                      ; - java.lang.reflect.Proxy::getProxyConstructor@85 (line 438)
  0x000002679f556a10: 6ca9 2a07 | 4883 f800 

  0x000002679f556a18: ;   {metadata(method data for {method} {0x00000267c80f3948} 'getProxyConstructor' '(Ljava/lang/Class;Ljava/lang/ClassLoader;[Ljava/lang/Class;)Ljava/lang/reflect/Constructor;' in 'java/lang/reflect/Proxy')}
  0x000002679f556a18: 7516 48ba | f89d 21c8 | 6702 0000 | 808a 9903 | 0000 01e9 | d200 0000 

  0x000002679f556a30: ;   {metadata('java/lang/reflect/Constructor')}
  0x000002679f556a30: 48be 280a | 05b3 6702 | 0000 8b58 | 0849 ba00 | 0000 b367 | 0200 0049 | 03da 483b | f30f 8593 
  0x000002679f556a50: ;   {metadata(method data for {method} {0x00000267c80f3948} 'getProxyConstructor' '(Ljava/lang/Class;Ljava/lang/ClassLoader;[Ljava/lang/Class;)Ljava/lang/reflect/Constructor;' in 'java/lang/reflect/Proxy')}
  0x000002679f556a50: 0000 0048 | baf8 9d21 | c867 0200 | 008b 7008 | 49ba 0000 | 00b3 6702 | 0000 4903 | f248 3bb2 
  0x000002679f556a70: b003 0000 | 750d 4883 | 82b8 0300 | 0001 e97f | 0000 0048 | 3bb2 c003 | 0000 750d | 4883 82c8 
  0x000002679f556a90: 0300 0001 | e969 0000 | 0048 81ba | b003 0000 | 0000 0000 | 7517 4889 | b2b0 0300 | 0048 c782 
  0x000002679f556ab0: b803 0000 | 0100 0000 | e945 0000 | 0048 81ba | c003 0000 | 0000 0000 | 7517 4889 | b2c0 0300 
  0x000002679f556ad0: 0048 c782 | c803 0000 | 0100 0000 | e921 0000 | 00e9 1c00 

  0x000002679f556ae4: ;   {metadata(method data for {method} {0x00000267c80f3948} 'getProxyConstructor' '(Ljava/lang/Class;Ljava/lang/ClassLoader;[Ljava/lang/Class;)Ljava/lang/reflect/Constructor;' in 'java/lang/reflect/Proxy')}
  0x000002679f556ae4: 0000 48ba | f89d 21c8 | 6702 0000 | 4883 aaa0 | 0300 0001 | e983 0a00 | 00e9 0000 | 0000 4881 
  0x000002679f556b04: c4e0 0000 

  0x000002679f556b08: ;   {poll_return}
  0x000002679f556b08: 005d 493b | a748 0300 | 000f 8772 | 0a00 00c3 | 4c8b c2bb | 0100 0000 

  0x000002679f556b20: ;   {metadata('java/lang/Class'[])}
  0x000002679f556b20: 48ba 781c | 00b3 6702 | 0000 4863 | db48 8bfb | 4881 fbff | ffff 000f | 8762 0a00 | 0048 be17 
  0x000002679f556b40: 0000 0000 | 0000 0048 | 8d34 9e48 | 83e6 f849 | 8b87 0801 | 0000 488d | 3430 493b | b718 0100 
  0x000002679f556b60: 000f 8738 | 0a00 0049 | 89b7 0801 | 0000 482b | f048 c700 | 0100 0000 | 488b ca49 | ba00 0000 
  0x000002679f556b80: b367 0200 | 0049 2bca | 8948 0889 | 580c 4883 | ee10 0f84 | 1a00 0000 | 4885 f60f | 8411 0000 
  0x000002679f556ba0: 0048 33db | 48c1 ee03 | 4889 5cf0 | 0848 ffce | 75f6 4983 | fb00 7517 

  0x000002679f556bb8: ;   {metadata(method data for {method} {0x00000267c80f3948} 'getProxyConstructor' '(Ljava/lang/Class;Ljava/lang/ClassLoader;[Ljava/lang/Class;)Ljava/lang/reflect/Constructor;' in 'java/lang/reflect/Proxy')}
  0x000002679f556bb8: 49b9 f89d | 21c8 6702 | 0000 4180 | 8949 0100 | 0001 e903 | 0100 008b | 5008 49ba | 0000 00b3 
  0x000002679f556bd8: 6702 0000 | 4903 d245 | 8b4b 0849 | ba00 0000 | b367 0200 | 004d 03ca | 488b 92e0 | 0000 004c 
  0x000002679f556bf8: 3bca 0f84 | 2a00 0000 | 8b72 1449 | 3b14 310f | 841d 0000 | 0083 fe20 | 0f85 a500 | 0000 4151 
  0x000002679f556c18: ;   {runtime_call slow_subtype_check Runtime1 stub}
  0x000002679f556c18: 52e8 622b | 3507 4159 | 5a83 fa00 | 0f84 9100 

  0x000002679f556c28: ;   {metadata(method data for {method} {0x00000267c80f3948} 'getProxyConstructor' '(Ljava/lang/Class;Ljava/lang/ClassLoader;[Ljava/lang/Class;)Ljava/lang/reflect/Constructor;' in 'java/lang/reflect/Proxy')}
  0x000002679f556c28: 0000 49b9 | f89d 21c8 | 6702 0000 | 418b 5308 | 49ba 0000 | 00b3 6702 | 0000 4903 | d249 3b91 
  0x000002679f556c48: 6001 0000 | 750d 4983 | 8168 0100 | 0001 e977 | 0000 0049 | 3b91 7001 | 0000 750d | 4983 8178 
  0x000002679f556c68: 0100 0001 | e961 0000 | 0049 81b9 | 6001 0000 | 0000 0000 | 7517 4989 | 9160 0100 | 0049 c781 
  0x000002679f556c88: 6801 0000 | 0100 0000 | e93d 0000 | 0049 81b9 | 7001 0000 | 0000 0000 | 7517 4989 | 9170 0100 
  0x000002679f556ca8: 0049 c781 | 7801 0000 | 0100 0000 | e919 0000 

  0x000002679f556cb8: ;   {metadata(method data for {method} {0x00000267c80f3948} 'getProxyConstructor' '(Ljava/lang/Class;Ljava/lang/ClassLoader;[Ljava/lang/Class;)Ljava/lang/reflect/Constructor;' in 'java/lang/reflect/Proxy')}
  0x000002679f556cb8: 00eb 1749 | b9f8 9d21 | c867 0200 | 0049 83a9 | 5001 0000 | 01e9 dc08 | 0000 488d | 5010 450f 
  0x000002679f556cd8: be4f 3841 | 83f9 000f | 85d2 0800 | 004d 8bd3 | 4489 124c | 8bca 4d33 | cb49 c1e9 | 1449 83f9 
  0x000002679f556cf8: 000f 85d3 

  0x000002679f556cfc: ;   {metadata(method data for {method} {0x00000267c80f3948} 'getProxyConstructor' '(Ljava/lang/Class;Ljava/lang/ClassLoader;[Ljava/lang/Class;)Ljava/lang/reflect/Constructor;' in 'java/lang/reflect/Proxy')}
  0x000002679f556cfc: 0800 0048 | baf8 9d21 | c867 0200 | 0048 8382 | 8801 0000 | 0149 8bd0 | 4c8b 8424 | a800 0000 
  0x000002679f556d1c: 4c8b c84c | 899c 24c0 

  0x000002679f556d24: ;   {static_call}
  0x000002679f556d24: 0000 00e8 

  0x000002679f556d28: ; ImmutableOopMap {[168]=Oop [192]=Oop }
                      ;*invokestatic checkProxyAccess {reexecute=0 rethrow=0 return_oop=0}
                      ; - java.lang.reflect.Proxy::getProxyConstructor@24 (line 425)
  0x000002679f556d28: 54ac 2a07 | 4c8b 9c24 | c000 0000 

  0x000002679f556d34: ;   {oop(a 'jdk/internal/loader/ClassLoaderValue'{0x00000000e0bdc508})}
  0x000002679f556d34: 48ba 08c5 | bde0 0000 

  0x000002679f556d3c: ;   {metadata(method data for {method} {0x00000267c80f3948} 'getProxyConstructor' '(Ljava/lang/Class;Ljava/lang/ClassLoader;[Ljava/lang/Class;)Ljava/lang/reflect/Constructor;' in 'java/lang/reflect/Proxy')}
  0x000002679f556d3c: 0000 48be | f89d 21c8 | 6702 0000 | 8b52 0849 | ba00 0000 | b367 0200 | 0049 03d2 | 483b 96a8 
  0x000002679f556d5c: 0100 0075 | 0d48 8386 | b001 0000 | 01e9 6600 | 0000 483b | 96b8 0100 | 0075 0d48 | 8386 c001 
  0x000002679f556d7c: 0000 01e9 | 5000 0000 | 4881 bea8 | 0100 0000 | 0000 0075 | 1748 8996 | a801 0000 | 48c7 86b0 
  0x000002679f556d9c: 0100 0001 | 0000 00e9 | 2c00 0000 | 4881 beb8 | 0100 0000 | 0000 0075 | 1748 8996 | b801 0000 
  0x000002679f556dbc: 48c7 86c0 | 0100 0001 | 0000 00e9 | 0800 0000 | 4883 8698 | 0100 0001 

  0x000002679f556dd4: ;   {metadata(method data for {method} {0x00000267b315e8a8} 'sub' '(Ljava/lang/Object;)Ljdk/internal/loader/AbstractClassLoaderValue$Sub;' in 'jdk/internal/loader/AbstractClassLoaderValue')}
  0x000002679f556dd4: 48ba 5096 | 21c8 6702 | 0000 8bb2 | cc00 0000 | 83c6 0289 | b2cc 0000 | 0081 e6fe | ff1f 0083 
  0x000002679f556df4: fe00 0f84 | ee07 0000 

  0x000002679f556dfc: ;   {metadata('jdk/internal/loader/AbstractClassLoaderValue$Sub')}
  0x000002679f556dfc: 48ba 30e0 | 04b4 6702 | 0000 498b | 8708 0100 | 0048 8d78 | 1849 3bbf | 1801 0000 | 0f87 ed07 
  0x000002679f556e1c: 0000 4989 | bf08 0100 | 0048 c700 | 0100 0000 | 488b ca49 | ba00 0000 | b367 0200 | 0049 2bca 
  0x000002679f556e3c: 8948 0848 | 33c9 8948 | 0c48 33c9 | 4889 4810 

  0x000002679f556e4c: ;   {metadata(method data for {method} {0x00000267b315e8a8} 'sub' '(Ljava/lang/Object;)Ljdk/internal/loader/AbstractClassLoaderValue$Sub;' in 'jdk/internal/loader/AbstractClassLoaderValue')}
  0x000002679f556e4c: 4c8b c049 | b950 9621 | c867 0200 | 0049 8381 | 1001 0000 

  0x000002679f556e60: ;   {metadata(method data for {method} {0x00000267c80f6640} '<init>' '(Ljdk/internal/loader/AbstractClassLoaderValue;Ljava/lang/Object;)V' in 'jdk/internal/loader/AbstractClassLoaderValue$Sub')}
  0x000002679f556e60: 0149 b8a0 | 9721 c867 | 0200 0045 | 8b88 cc00 | 0000 4183 | c102 4589 | 88cc 0000 | 0041 81e1 
  0x000002679f556e80: feff 1f00 | 4183 f900 | 0f84 8a07 | 0000 450f | be47 3841 | 83f8 000f | 859c 0700 

  0x000002679f556e9c: ;   {oop(a 'jdk/internal/loader/ClassLoaderValue'{0x00000000e0bdc508})}
  0x000002679f556e9c: 0049 ba08 | c5bd e000 | 0000 0044 

  0x000002679f556ea8: ;   {oop(a 'jdk/internal/loader/ClassLoaderValue'{0x00000000e0bdc508})}
  0x000002679f556ea8: 8950 1049 | b808 c5bd | e000 0000 | 004c 8bc8 | 4d33 c849 | c1e9 1449 | 83f9 000f | 858c 0700 
  0x000002679f556ec8: 004c 8bc0 

  0x000002679f556ecc: ;   {metadata(method data for {method} {0x00000267c80f6640} '<init>' '(Ljdk/internal/loader/AbstractClassLoaderValue;Ljava/lang/Object;)V' in 'jdk/internal/loader/AbstractClassLoaderValue$Sub')}
  0x000002679f556ecc: 49b9 a097 | 21c8 6702 | 0000 4983 | 8110 0100 

  0x000002679f556edc: ;   {metadata(method data for {method} {0x00000267b315edd8} '<init>' '()V' in 'jdk/internal/loader/AbstractClassLoaderValue')}
  0x000002679f556edc: 0001 49b8 | 086b 21c8 | 6702 0000 | 458b 88cc | 0000 0041 | 83c1 0245 | 8988 cc00 | 0000 4181 
  0x000002679f556efc: e1fe ff1f | 0041 83f9 | 000f 8462 | 0700 004c 

  0x000002679f556f0c: ;   {metadata(method data for {method} {0x00000267b315edd8} '<init>' '()V' in 'jdk/internal/loader/AbstractClassLoaderValue')}
  0x000002679f556f0c: 8bc0 49b9 | 086b 21c8 | 6702 0000 | 4983 8110 | 0100 0001 

  0x000002679f556f20: ;   {metadata(method data for {method} {0x00000267b34415f0} '<init>' '()V' in 'java/lang/Object')}
  0x000002679f556f20: 49b8 b8ac | 00c8 6702 | 0000 458b | 88cc 0000 | 0041 83c1 | 0245 8988 | cc00 0000 | 4181 e1fe 
  0x000002679f556f40: ff1f 0041 | 83f9 000f | 8441 0700 | 0045 0fbe | 4738 4183 | f800 0f85 | 5307 0000 | 4d8b d344 
  0x000002679f556f60: 8950 0c4c | 8bc0 4d33 | c349 c1e8 | 1449 83f8 | 000f 8554 

  0x000002679f556f74: ;   {metadata(method data for {method} {0x00000267b30db170} 'linkToTargetMethod' '(Ljava/lang/Object;)Ljava/lang/Object;' in 'java/lang/invoke/Invokers$Holder')}
  0x000002679f556f74: 0700 0049 | b860 5808 | c867 0200 | 004d 8d80 | e801 0000 

  0x000002679f556f88: ;   {oop(a 'java/lang/invoke/BoundMethodHandle$Species_L'{0x00000000e0bb0218})}
  0x000002679f556f88: 49b9 1802 | bbe0 0000 | 0000 4d85 | c975 0e49 | f700 0100 | 0000 7505 | f049 8308 

  0x000002679f556fa4: ;   {metadata(method data for {method} {0x00000267c80f3948} 'getProxyConstructor' '(Ljava/lang/Class;Ljava/lang/ClassLoader;[Ljava/lang/Class;)Ljava/lang/reflect/Constructor;' in 'java/lang/reflect/Proxy')}
  0x000002679f556fa4: 0149 b8f8 | 9d21 c867 | 0200 0049 | 8380 d001 

  0x000002679f556fb4: ;   {metadata(method data for {method} {0x00000267b30db170} 'linkToTargetMethod' '(Ljava/lang/Object;)Ljava/lang/Object;' in 'java/lang/invoke/Invokers$Holder')}
  0x000002679f556fb4: 0000 0149 | b860 5808 | c867 0200 | 0041 8b90 | cc00 0000 | 83c2 0241 | 8990 cc00 | 0000 81e2 
  0x000002679f556fd4: feff 1f00 | 83fa 000f | 8402 0700 

  0x000002679f556fe0: ;   {metadata(method data for {method} {0x00000267c8400270} 'invoke' '(Ljava/lang/Object;)Ljava/lang/Object;' in 'java/lang/invoke/LambdaForm$MH+0x00000267b4000400')}
  0x000002679f556fe0: 0049 b888 | 0440 c867 | 0200 004d | 8d80 a001 | 0000 4d85 | c975 0e49 | f700 0100 | 0000 7505 
  0x000002679f557000: f049 8308 

  0x000002679f557004: ;   {metadata(method data for {method} {0x00000267b30db170} 'linkToTargetMethod' '(Ljava/lang/Object;)Ljava/lang/Object;' in 'java/lang/invoke/Invokers$Holder')}
  0x000002679f557004: 0149 b860 | 5808 c867 | 0200 0049 | 8380 4801 

  0x000002679f557014: ;   {metadata(method data for {method} {0x00000267c8400270} 'invoke' '(Ljava/lang/Object;)Ljava/lang/Object;' in 'java/lang/invoke/LambdaForm$MH+0x00000267b4000400')}
  0x000002679f557014: 0000 0149 | b888 0440 | c867 0200 | 0045 8b88 | cc00 0000 | 4183 c102 | 4589 88cc | 0000 0041 
  0x000002679f557034: 81e1 feff | 1f00 4183 | f900 0f84 | c006 0000 

  0x000002679f557044: ;   {metadata(method data for {method} {0x00000267b30db170} 'linkToTargetMethod' '(Ljava/lang/Object;)Ljava/lang/Object;' in 'java/lang/invoke/Invokers$Holder')}
  0x000002679f557044: 49b8 6058 | 08c8 6702 | 0000 4d8d | 8080 0100 

  0x000002679f557054: ;   {oop(a 'java/lang/reflect/Proxy$$Lambda$25+0x00000267b404e278'{0x00000000e0bb0238})}
  0x000002679f557054: 0049 b938 | 02bb e000 | 0000 004d | 85c9 750e | 49f7 0001 | 0000 0075 | 05f0 4983 

  0x000002679f557070: ;   {metadata(method data for {method} {0x00000267c80f3948} 'getProxyConstructor' '(Ljava/lang/Class;Ljava/lang/ClassLoader;[Ljava/lang/Class;)Ljava/lang/reflect/Constructor;' in 'java/lang/reflect/Proxy')}
  0x000002679f557070: 0801 49b8 | f89d 21c8 | 6702 0000 | 4d8d 80e0 | 0100 004d | 85c9 7510 | 49f7 0001 | 0000 0075 
  0x000002679f557090: 4af0 4983 | 0801 eb43 

  0x000002679f557098: ;   {metadata('java/lang/reflect/Proxy$$Lambda$25+0x00000267b404e278')}
  0x000002679f557098: 48ba 78e2 | 04b4 6702 | 0000 4c8b | d249 3310 | 48f7 c2fc | ffff ff74 | 2a48 f7c2 | 0200 0000 
  0x000002679f5570b8: 7521 49f7 | 00fe ffff | ff74 1549 | 8bd2 4933 | 1048 f7c2 | fcff ffff | 7409 4983 | 0802 eb03 
  0x000002679f5570d8: 4989 104c 

  0x000002679f5570dc: ;   {metadata(method data for {method} {0x00000267c80f3948} 'getProxyConstructor' '(Ljava/lang/Class;Ljava/lang/ClassLoader;[Ljava/lang/Class;)Ljava/lang/reflect/Constructor;' in 'java/lang/reflect/Proxy')}
  0x000002679f5570dc: 8bc0 48ba | f89d 21c8 | 6702 0000 | 458b 4008 | 49ba 0000 | 00b3 6702 | 0000 4d03 | c24c 3b82 
  0x000002679f5570fc: 0002 0000 | 750d 4883 | 8208 0200 | 0001 e966 | 0000 004c | 3b82 1002 | 0000 750d | 4883 8218 
  0x000002679f55711c: 0200 0001 | e950 0000 | 0048 81ba | 0002 0000 | 0000 0000 | 7517 4c89 | 8200 0200 | 0048 c782 
  0x000002679f55713c: 0802 0000 | 0100 0000 | e92c 0000 | 0048 81ba | 1002 0000 | 0000 0000 | 7517 4c89 | 8210 0200 
  0x000002679f55715c: 0048 c782 | 1802 0000 | 0100 0000 | e908 0000 | 0048 8382 | f001 0000 | 014c 8b84 | 24a8 0000 
  0x000002679f55717c: 0048 8bd0 | 0f1f 8000 

  0x000002679f557184: ;   {optimized virtual_call}
  0x000002679f557184: 0000 00e8 

  0x000002679f557188: ; ImmutableOopMap {}
                      ;*invokevirtual computeIfAbsent {reexecute=0 rethrow=0 return_oop=0}
                      ; - java.lang.reflect.Proxy::getProxyConstructor@40 (line 427)
  0x000002679f557188: d41f 1300 | 4883 f800 

  0x000002679f557190: ;   {metadata(method data for {method} {0x00000267c80f3948} 'getProxyConstructor' '(Ljava/lang/Class;Ljava/lang/ClassLoader;[Ljava/lang/Class;)Ljava/lang/reflect/Constructor;' in 'java/lang/reflect/Proxy')}
  0x000002679f557190: 7516 48be | f89d 21c8 | 6702 0000 | 808e 2102 | 0000 01e9 | d200 0000 

  0x000002679f5571a8: ;   {metadata('java/lang/reflect/Constructor')}
  0x000002679f5571a8: 48bf 280a | 05b3 6702 | 0000 8b50 | 0849 ba00 | 0000 b367 | 0200 0049 | 03d2 483b | fa0f 8593 
  0x000002679f5571c8: ;   {metadata(method data for {method} {0x00000267c80f3948} 'getProxyConstructor' '(Ljava/lang/Class;Ljava/lang/ClassLoader;[Ljava/lang/Class;)Ljava/lang/reflect/Constructor;' in 'java/lang/reflect/Proxy')}
  0x000002679f5571c8: 0000 0048 | bef8 9d21 | c867 0200 | 008b 7808 | 49ba 0000 | 00b3 6702 | 0000 4903 | fa48 3bbe 
  0x000002679f5571e8: 3802 0000 | 750d 4883 | 8640 0200 | 0001 e97f | 0000 0048 | 3bbe 4802 | 0000 750d | 4883 8650 
  0x000002679f557208: 0200 0001 | e969 0000 | 0048 81be | 3802 0000 | 0000 0000 | 7517 4889 | be38 0200 | 0048 c786 
  0x000002679f557228: 4002 0000 | 0100 0000 | e945 0000 | 0048 81be | 4802 0000 | 0000 0000 | 7517 4889 | be48 0200 
  0x000002679f557248: 0048 c786 | 5002 0000 | 0100 0000 | e921 0000 | 00e9 1c00 

  0x000002679f55725c: ;   {metadata(method data for {method} {0x00000267c80f3948} 'getProxyConstructor' '(Ljava/lang/Class;Ljava/lang/ClassLoader;[Ljava/lang/Class;)Ljava/lang/reflect/Constructor;' in 'java/lang/reflect/Proxy')}
  0x000002679f55725c: 0000 48be | f89d 21c8 | 6702 0000 | 4883 ae28 | 0200 0001 | e9b0 0400 | 00e9 0000 | 0000 4881 
  0x000002679f55727c: c4e0 0000 

  0x000002679f557280: ;   {poll_return}
  0x000002679f557280: 005d 493b | a748 0300 | 000f 879f | 0400 00c3 | 4889 8424 | d000 0000 

  0x000002679f557298: ;   {no_reloc}
  0x000002679f557298: e9b6 0400 | 0000 0000 | 0000 498b | 8708 0100 | 0048 8d78 | 3049 3bbf | 1801 0000 | 0f87 a304 
  0x000002679f5572b8: 0000 4989 | bf08 0100 | 0048 c700 | 0100 0000 | 488b ca49 | ba00 0000 | b367 0200 | 0049 2bca 
  0x000002679f5572d8: 8948 0848 | 33c9 8948 | 0c48 33c9 | 4889 4810 | 4889 4818 | 4889 4820 | 4889 4828 

  0x000002679f5572f4: ;   {metadata(method data for {method} {0x00000267b3075818} 'requireNonNull' '(Ljava/lang/Object;)Ljava/lang/Object;' in 'java/util/Objects')}
  0x000002679f5572f4: 488b d048 | be50 3f01 | c867 0200 | 0048 8386 | 3001 0000 | 0148 8bd0 | 4889 8424 | c800 0000 
  0x000002679f557314: ;   {optimized virtual_call}
  0x000002679f557314: 6666 90e8 

  0x000002679f557318: ; ImmutableOopMap {[168]=Oop [200]=Oop [208]=Oop }
                      ;*invokespecial <init> {reexecute=0 rethrow=0 return_oop=0}
                      ; - java.util.Objects::requireNonNull@8 (line 209)
                      ; - java.util.Arrays$ArrayList::<init>@6 (line 4137)
                      ; - java.util.Arrays::asList@5 (line 4122)
                      ; - java.lang.reflect.Proxy::getProxyConstructor@66 (line 437)
  0x000002679f557318: 64a0 2a07 | 488b 8424 | c800 0000 | e960 0400 

  0x000002679f557328: ;   {metadata({method} {0x00000267c80f3948} 'getProxyConstructor' '(Ljava/lang/Class;Ljava/lang/ClassLoader;[Ljava/lang/Class;)Ljava/lang/reflect/Constructor;' in 'java/lang/reflect/Proxy')}
  0x000002679f557328: 0049 ba40 | 390f c867 | 0200 004c | 8954 2408 | 48c7 0424 | ffff ffff 

  0x000002679f557340: ;   {runtime_call counter_overflow Runtime1 stub}
  0x000002679f557340: e83b 4e35 

  0x000002679f557344: ; ImmutableOopMap {rdx=Oop r8=Oop [168]=Oop r9=Oop }
                      ;*synchronization entry
                      ; - java.lang.reflect.Proxy::getProxyConstructor@-1 (line 422)
  0x000002679f557344: 07e9 95ee 

  0x000002679f557348: ;   {runtime_call throw_null_pointer_exception Runtime1 stub}
  0x000002679f557348: ffff e851 

  0x000002679f55734c: ; ImmutableOopMap {rdx=Oop r8=Oop [168]=Oop r9=Oop }
                      ;*arraylength {reexecute=0 rethrow=0 return_oop=0}
                      ; - java.lang.reflect.Proxy::getProxyConstructor@1 (line 422)
  0x000002679f55734c: f734 0748 | c704 2400 | 0000 004c | 894c 2408 

  0x000002679f55735c: ;   {runtime_call throw_range_check_failed Runtime1 stub}
  0x000002679f55735c: e83f ee34 

  0x000002679f557360: ; ImmutableOopMap {rdx=Oop r8=Oop [168]=Oop r9=Oop }
                      ;*aaload {reexecute=0 rethrow=0 return_oop=0}
                      ; - java.lang.reflect.Proxy::getProxyConstructor@8 (line 423)
  0x000002679f557360: 0748 8904 

  0x000002679f557364: ;   {runtime_call throw_class_cast_exception Runtime1 stub}
  0x000002679f557364: 24e8 361e 

  0x000002679f557368: ; ImmutableOopMap {[160]=Oop [168]=Oop }
                      ;*checkcast {reexecute=0 rethrow=0 return_oop=0}
                      ; - java.lang.reflect.Proxy::getProxyConstructor@51 (line 433)
                      ;   {metadata({method} {0x00000267b33e4b48} 'asList' '([Ljava/lang/Object;)Ljava/util/List;' in 'java/util/Arrays')}
  0x000002679f557368: 3507 49ba | 404b 3eb3 | 6702 0000 | 4c89 5424 | 0848 c704 | 24ff ffff 

  0x000002679f557380: ;   {runtime_call counter_overflow Runtime1 stub}
  0x000002679f557380: ffe8 fa4d 

  0x000002679f557384: ; ImmutableOopMap {[168]=Oop rbx=Oop }
                      ;*synchronization entry
                      ; - java.util.Arrays::asList@-1 (line 4122)
                      ; - java.lang.reflect.Proxy::getProxyConstructor@66 (line 437)
  0x000002679f557384: 3507 e933 | f1ff ff48 

  0x000002679f55738c: ;   {runtime_call fast_new_instance Runtime1 stub}
  0x000002679f55738c: 8bd2 e8ed 

  0x000002679f557390: ; ImmutableOopMap {[168]=Oop rbx=Oop }
                      ;*new {reexecute=0 rethrow=0 return_oop=0}
                      ; - java.util.Arrays::asList@0 (line 4122)
                      ; - java.lang.reflect.Proxy::getProxyConstructor@66 (line 437)
  0x000002679f557390: 0235 07e9 | 76f1 ffff 

  0x000002679f557398: ;   {metadata({method} {0x00000267b31c4820} '<init>' '([Ljava/lang/Object;)V' in 'java/util/Arrays$ArrayList')}
  0x000002679f557398: 49ba 1848 | 1cb3 6702 | 0000 4c89 | 5424 0848 | c704 24ff 

  0x000002679f5573ac: ;   {runtime_call counter_overflow Runtime1 stub}
  0x000002679f5573ac: ffff ffe8 

  0x000002679f5573b0: ; ImmutableOopMap {[168]=Oop rbx=Oop rax=Oop }
                      ;*synchronization entry
                      ; - java.util.Arrays$ArrayList::<init>@-1 (line 4136)
                      ; - java.util.Arrays::asList@5 (line 4122)
                      ; - java.lang.reflect.Proxy::getProxyConstructor@66 (line 437)
  0x000002679f5573b0: cc4d 3507 | e992 f1ff 

  0x000002679f5573b8: ;   {metadata({method} {0x00000267b33c8118} '<init>' '()V' in 'java/util/AbstractList')}
  0x000002679f5573b8: ff49 ba10 | 813c b367 | 0200 004c | 8954 2408 | 48c7 0424 | ffff ffff 

  0x000002679f5573d0: ;   {runtime_call counter_overflow Runtime1 stub}
  0x000002679f5573d0: e8ab 4d35 

  0x000002679f5573d4: ; ImmutableOopMap {[168]=Oop rbx=Oop rax=Oop }
                      ;*synchronization entry
                      ; - java.util.AbstractList::<init>@-1 (line 78)
                      ; - java.util.Arrays$ArrayList::<init>@1 (line 4136)
                      ; - java.util.Arrays::asList@5 (line 4122)
                      ; - java.lang.reflect.Proxy::getProxyConstructor@66 (line 437)
  0x000002679f5573d4: 07e9 aef1 

  0x000002679f5573d8: ;   {metadata({method} {0x00000267b3071a98} '<init>' '()V' in 'java/util/AbstractCollection')}
  0x000002679f5573d8: ffff 49ba | 901a 07b3 | 6702 0000 | 4c89 5424 | 0848 c704 | 24ff ffff 

  0x000002679f5573f0: ;   {runtime_call counter_overflow Runtime1 stub}
  0x000002679f5573f0: ffe8 8a4d 

  0x000002679f5573f4: ; ImmutableOopMap {[168]=Oop rbx=Oop rax=Oop }
                      ;*synchronization entry
                      ; - java.util.AbstractCollection::<init>@-1 (line 68)
                      ; - java.util.AbstractList::<init>@1 (line 78)
                      ; - java.util.Arrays$ArrayList::<init>@1 (line 4136)
                      ; - java.util.Arrays::asList@5 (line 4122)
                      ; - java.lang.reflect.Proxy::getProxyConstructor@66 (line 437)
  0x000002679f5573f4: 3507 e9ca 

  0x000002679f5573f8: ;   {metadata({method} {0x00000267b34415f0} '<init>' '()V' in 'java/lang/Object')}
  0x000002679f5573f8: f1ff ff49 | bae8 1544 | b367 0200 | 004c 8954 | 2408 48c7 | 0424 ffff 

  0x000002679f557410: ;   {runtime_call counter_overflow Runtime1 stub}
  0x000002679f557410: ffff e869 

  0x000002679f557414: ; ImmutableOopMap {[168]=Oop rbx=Oop rax=Oop }
                      ;*synchronization entry
                      ; - java.lang.Object::<init>@-1 (line 44)
                      ; - java.util.AbstractCollection::<init>@1 (line 68)
                      ; - java.util.AbstractList::<init>@1 (line 78)
                      ; - java.util.Arrays$ArrayList::<init>@1 (line 4136)
                      ; - java.util.Arrays::asList@5 (line 4122)
                      ; - java.lang.reflect.Proxy::getProxyConstructor@66 (line 437)
  0x000002679f557414: 4d35 07e9 | e6f1 ffff 

  0x000002679f55741c: ;   {metadata({method} {0x00000267b3075818} 'requireNonNull' '(Ljava/lang/Object;)Ljava/lang/Object;' in 'java/util/Objects')}
  0x000002679f55741c: 49ba 1058 | 07b3 6702 | 0000 4c89 | 5424 0848 | c704 24ff 

  0x000002679f557430: ;   {runtime_call counter_overflow Runtime1 stub}
  0x000002679f557430: ffff ffe8 

  0x000002679f557434: ; ImmutableOopMap {[168]=Oop rbx=Oop rax=Oop }
                      ;*synchronization entry
                      ; - java.util.Objects::requireNonNull@-1 (line 208)
                      ; - java.util.Arrays$ArrayList::<init>@6 (line 4137)
                      ; - java.util.Arrays::asList@5 (line 4122)
                      ; - java.lang.reflect.Proxy::getProxyConstructor@66 (line 437)
  0x000002679f557434: 484d 3507 | e9ff f1ff | ff8b 5010 | 4883 fa00 | 0f84 34f2 | ffff 4889 

  0x000002679f55744c: ;   {runtime_call g1_pre_barrier_slow}
  0x000002679f55744c: 1424 e82d | 5335 07e9 | 26f2 ffff | 4883 fb00 | 0f84 37f2 | ffff 4889 

  0x000002679f557464: ;   {runtime_call g1_post_barrier_slow}
  0x000002679f557464: 0424 e815 | 5635 07e9 | 29f2 ffff 

  0x000002679f557470: ;   {metadata({method} {0x00000267b315e8a8} 'sub' '(Ljava/lang/Object;)Ljdk/internal/loader/AbstractClassLoaderValue$Sub;' in 'jdk/internal/loader/AbstractClassLoaderValue')}
  0x000002679f557470: 49ba a0e8 | 15b3 6702 | 0000 4c89 | 5424 0848 | c704 24ff 

  0x000002679f557484: ;   {runtime_call counter_overflow Runtime1 stub}
  0x000002679f557484: ffff ffe8 

  0x000002679f557488: ; ImmutableOopMap {[168]=Oop rax=Oop }
                      ;*synchronization entry
                      ; - jdk.internal.loader.AbstractClassLoaderValue::sub@-1 (line 71)
                      ; - java.lang.reflect.Proxy::getProxyConstructor@76 (line 438)
  0x000002679f557488: f44c 3507 | e9d0 f2ff | ff48 8bd2 

  0x000002679f557494: ;   {runtime_call fast_new_instance Runtime1 stub}
  0x000002679f557494: e8e7 0135 

  0x000002679f557498: ; ImmutableOopMap {[168]=Oop rbx=Oop }
                      ;*new {reexecute=0 rethrow=0 return_oop=0}
                      ; - jdk.internal.loader.AbstractClassLoaderValue::sub@0 (line 71)
                      ; - java.lang.reflect.Proxy::getProxyConstructor@76 (line 438)
  0x000002679f557498: 07e9 16f3 

  0x000002679f55749c: ;   {metadata({method} {0x00000267c80f6640} '<init>' '(Ljdk/internal/loader/AbstractClassLoaderValue;Ljava/lang/Object;)V' in 'jdk/internal/loader/AbstractClassLoaderValue$Sub')}
  0x000002679f55749c: ffff 49ba | 3866 0fc8 | 6702 0000 | 4c89 5424 | 0848 c704 | 24ff ffff 

  0x000002679f5574b4: ;   {runtime_call counter_overflow Runtime1 stub}
  0x000002679f5574b4: ffe8 c64c 

  0x000002679f5574b8: ; ImmutableOopMap {[168]=Oop rbx=Oop rax=Oop }
                      ;*synchronization entry
                      ; - jdk.internal.loader.AbstractClassLoaderValue$Sub::<init>@-1 (line 387)
                      ; - jdk.internal.loader.AbstractClassLoaderValue::sub@6 (line 71)
                      ; - java.lang.reflect.Proxy::getProxyConstructor@76 (line 438)
  0x000002679f5574b8: 3507 e932 | f3ff ff8b | 5010 4883 | fa00 0f84 | 33f3 ffff | 4889 1424 

  0x000002679f5574d0: ;   {runtime_call g1_pre_barrier_slow}
  0x000002679f5574d0: e8ab 5235 | 07e9 25f3 | ffff 4883 | fa00 0f84 | 47f3 ffff | 4889 0424 

  0x000002679f5574e8: ;   {runtime_call g1_post_barrier_slow}
  0x000002679f5574e8: e893 5535 | 07e9 39f3 

  0x000002679f5574f0: ;   {metadata({method} {0x00000267b315edd8} '<init>' '()V' in 'jdk/internal/loader/AbstractClassLoaderValue')}
  0x000002679f5574f0: ffff 49ba | d0ed 15b3 | 6702 0000 | 4c89 5424 | 0848 c704 | 24ff ffff 

  0x000002679f557508: ;   {runtime_call counter_overflow Runtime1 stub}
  0x000002679f557508: ffe8 724c 

  0x000002679f55750c: ; ImmutableOopMap {[168]=Oop rbx=Oop rax=Oop }
                      ;*synchronization entry
                      ; - jdk.internal.loader.AbstractClassLoaderValue::<init>@-1 (line 50)
                      ; - jdk.internal.loader.AbstractClassLoaderValue$Sub::<init>@6 (line 387)
                      ; - jdk.internal.loader.AbstractClassLoaderValue::sub@6 (line 71)
                      ; - java.lang.reflect.Proxy::getProxyConstructor@76 (line 438)
  0x000002679f55750c: 3507 e955 

  0x000002679f557510: ;   {metadata({method} {0x00000267b34415f0} '<init>' '()V' in 'java/lang/Object')}
  0x000002679f557510: f3ff ff49 | bae8 1544 | b367 0200 | 004c 8954 | 2408 48c7 | 0424 ffff 

  0x000002679f557528: ;   {runtime_call counter_overflow Runtime1 stub}
  0x000002679f557528: ffff e851 

  0x000002679f55752c: ; ImmutableOopMap {[168]=Oop rbx=Oop rax=Oop }
                      ;*synchronization entry
                      ; - java.lang.Object::<init>@-1 (line 44)
                      ; - jdk.internal.loader.AbstractClassLoaderValue::<init>@1 (line 50)
                      ; - jdk.internal.loader.AbstractClassLoaderValue$Sub::<init>@6 (line 387)
                      ; - jdk.internal.loader.AbstractClassLoaderValue::sub@6 (line 71)
                      ; - java.lang.reflect.Proxy::getProxyConstructor@76 (line 438)
  0x000002679f55752c: 4c35 07e9 | 71f3 ffff | 8b50 0c48 | 83fa 000f | 8472 f3ff | ff48 8914 

  0x000002679f557544: ;   {runtime_call g1_pre_barrier_slow}
  0x000002679f557544: 24e8 3652 | 3507 e964 | f3ff ff48 | 83fb 000f | 8475 f3ff | ff48 8904 

  0x000002679f55755c: ;   {runtime_call g1_post_barrier_slow}
  0x000002679f55755c: 24e8 1e55 | 3507 e967 | f3ff ff48 | ba00 0000 | 0000 0000 | 00b8 000f 

  0x000002679f557574: ;   {runtime_call load_appendix_patching Runtime1 stub}
  0x000002679f557574: 050a e885 

  0x000002679f557578: ; ImmutableOopMap {[168]=Oop rax=Oop }
                      ;*invokedynamic {reexecute=1 rethrow=0 return_oop=0}
                      ; - (reexecute) java.lang.reflect.Proxy::getProxyConstructor@80 (line 438)
  0x000002679f557578: 4435 07e9 | 50f3 ffff | 4889 0424 

  0x000002679f557584: ;   {runtime_call throw_class_cast_exception Runtime1 stub}
  0x000002679f557584: e817 1c35 

  0x000002679f557588: ; ImmutableOopMap {}
                      ;*checkcast {reexecute=0 rethrow=0 return_oop=0}
                      ; - java.lang.reflect.Proxy::getProxyConstructor@88 (line 438)
                      ;   {internal_word}
  0x000002679f557588: 0749 ba0a | 6b55 9f67 | 0200 004d | 8997 6003 

  0x000002679f557598: ;   {runtime_call SafepointBlob}
  0x000002679f557598: 0000 e961 

  0x000002679f55759c: ;   {runtime_call new_object_array Runtime1 stub}
  0x000002679f55759c: 042b 07e8 

  0x000002679f5575a0: ; ImmutableOopMap {r11=Oop r8=Oop [168]=Oop }
                      ;*anewarray {reexecute=0 rethrow=0 return_oop=0}
                      ; - java.lang.reflect.Proxy::getProxyConstructor@17 (line 425)
  0x000002679f5575a0: dc09 3507 | e909 f6ff 

  0x000002679f5575a8: ;   {runtime_call throw_null_pointer_exception Runtime1 stub}
  0x000002679f5575a8: ffe8 f2f4 

  0x000002679f5575ac: ; ImmutableOopMap {r11=Oop r8=Oop [168]=Oop rax=Oop }
                      ;*aastore {reexecute=1 rethrow=0 return_oop=0}
                      ; - (reexecute) java.lang.reflect.Proxy::getProxyConstructor@23 (line 425)
  0x000002679f5575ac: 3407 4c89 

  0x000002679f5575b0: ;   {runtime_call throw_array_store_exception Runtime1 stub}
  0x000002679f5575b0: 1c24 e8e9 

  0x000002679f5575b4: ; ImmutableOopMap {r11=Oop r8=Oop [168]=Oop rax=Oop }
                      ;*aastore {reexecute=1 rethrow=0 return_oop=0}
                      ; - (reexecute) java.lang.reflect.Proxy::getProxyConstructor@23 (line 425)
  0x000002679f5575b4: 1835 0744 | 8b0a 4983 | f900 0f84 | 21f7 ffff | 4c89 0c24 

  0x000002679f5575c8: ;   {runtime_call g1_pre_barrier_slow}
  0x000002679f5575c8: e8b3 5135 | 07e9 13f7 | ffff 4983 | fb00 0f84 | 23f7 ffff | 4889 1424 

  0x000002679f5575e0: ;   {runtime_call g1_post_barrier_slow}
  0x000002679f5575e0: e89b 5435 | 07e9 15f7 

  0x000002679f5575e8: ;   {metadata({method} {0x00000267b315e8a8} 'sub' '(Ljava/lang/Object;)Ljdk/internal/loader/AbstractClassLoaderValue$Sub;' in 'jdk/internal/loader/AbstractClassLoaderValue')}
  0x000002679f5575e8: ffff 49ba | a0e8 15b3 | 6702 0000 | 4c89 5424 | 0848 c704 | 24ff ffff 

  0x000002679f557600: ;   {runtime_call counter_overflow Runtime1 stub}
  0x000002679f557600: ffe8 7a4b 

  0x000002679f557604: ; ImmutableOopMap {[168]=Oop r11=Oop }
                      ;*synchronization entry
                      ; - jdk.internal.loader.AbstractClassLoaderValue::sub@-1 (line 71)
                      ; - java.lang.reflect.Proxy::getProxyConstructor@31 (line 427)
  0x000002679f557604: 3507 e9f1 | f7ff ff48 

  0x000002679f55760c: ;   {runtime_call fast_new_instance Runtime1 stub}
  0x000002679f55760c: 8bd2 e86d 

  0x000002679f557610: ; ImmutableOopMap {[168]=Oop r11=Oop }
                      ;*new {reexecute=0 rethrow=0 return_oop=0}
                      ; - jdk.internal.loader.AbstractClassLoaderValue::sub@0 (line 71)
                      ; - java.lang.reflect.Proxy::getProxyConstructor@31 (line 427)
  0x000002679f557610: 0035 07e9 | 34f8 ffff 

  0x000002679f557618: ;   {metadata({method} {0x00000267c80f6640} '<init>' '(Ljdk/internal/loader/AbstractClassLoaderValue;Ljava/lang/Object;)V' in 'jdk/internal/loader/AbstractClassLoaderValue$Sub')}
  0x000002679f557618: 49ba 3866 | 0fc8 6702 | 0000 4c89 | 5424 0848 | c704 24ff 

  0x000002679f55762c: ;   {runtime_call counter_overflow Runtime1 stub}
  0x000002679f55762c: ffff ffe8 

  0x000002679f557630: ; ImmutableOopMap {[168]=Oop r11=Oop rax=Oop }
                      ;*synchronization entry
                      ; - jdk.internal.loader.AbstractClassLoaderValue$Sub::<init>@-1 (line 387)
                      ; - jdk.internal.loader.AbstractClassLoaderValue::sub@6 (line 71)
                      ; - java.lang.reflect.Proxy::getProxyConstructor@31 (line 427)
  0x000002679f557630: 4c4b 3507 | e955 f8ff | ff44 8b40 | 1049 83f8 | 000f 8456 | f8ff ff4c 

  0x000002679f557648: ;   {runtime_call g1_pre_barrier_slow}
  0x000002679f557648: 8904 24e8 | 3051 3507 | e948 f8ff | ff49 83f8 | 000f 846a | f8ff ff48 

  0x000002679f557660: ;   {runtime_call g1_post_barrier_slow}
  0x000002679f557660: 8904 24e8 | 1854 3507 | e95c f8ff 

  0x000002679f55766c: ;   {metadata({method} {0x00000267b315edd8} '<init>' '()V' in 'jdk/internal/loader/AbstractClassLoaderValue')}
  0x000002679f55766c: ff49 bad0 | ed15 b367 | 0200 004c | 8954 2408 | 48c7 0424 | ffff ffff 

  0x000002679f557684: ;   {runtime_call counter_overflow Runtime1 stub}
  0x000002679f557684: e8f7 4a35 

  0x000002679f557688: ; ImmutableOopMap {[168]=Oop r11=Oop rax=Oop }
                      ;*synchronization entry
                      ; - jdk.internal.loader.AbstractClassLoaderValue::<init>@-1 (line 50)
                      ; - jdk.internal.loader.AbstractClassLoaderValue$Sub::<init>@6 (line 387)
                      ; - jdk.internal.loader.AbstractClassLoaderValue::sub@6 (line 71)
                      ; - java.lang.reflect.Proxy::getProxyConstructor@31 (line 427)
  0x000002679f557688: 07e9 7df8 

  0x000002679f55768c: ;   {metadata({method} {0x00000267b34415f0} '<init>' '()V' in 'java/lang/Object')}
  0x000002679f55768c: ffff 49ba | e815 44b3 | 6702 0000 | 4c89 5424 | 0848 c704 | 24ff ffff 

  0x000002679f5576a4: ;   {runtime_call counter_overflow Runtime1 stub}
  0x000002679f5576a4: ffe8 d64a 

  0x000002679f5576a8: ; ImmutableOopMap {[168]=Oop r11=Oop rax=Oop }
                      ;*synchronization entry
                      ; - java.lang.Object::<init>@-1 (line 44)
                      ; - jdk.internal.loader.AbstractClassLoaderValue::<init>@1 (line 50)
                      ; - jdk.internal.loader.AbstractClassLoaderValue$Sub::<init>@6 (line 387)
                      ; - jdk.internal.loader.AbstractClassLoaderValue::sub@6 (line 71)
                      ; - java.lang.reflect.Proxy::getProxyConstructor@31 (line 427)
  0x000002679f5576a8: 3507 e99e | f8ff ff44 | 8b40 0c49 | 83f8 000f | 849f f8ff | ff4c 8904 

  0x000002679f5576c0: ;   {runtime_call g1_pre_barrier_slow}
  0x000002679f5576c0: 24e8 ba50 | 3507 e991 | f8ff ff49 | 83fb 000f | 84a2 f8ff | ff48 8904 

  0x000002679f5576d8: ;   {runtime_call g1_post_barrier_slow}
  0x000002679f5576d8: 24e8 a253 | 3507 e994 

  0x000002679f5576e0: ;   {metadata({method} {0x00000267b30db170} 'linkToTargetMethod' '(Ljava/lang/Object;)Ljava/lang/Object;' in 'java/lang/invoke/Invokers$Holder')}
  0x000002679f5576e0: f8ff ff49 | ba68 b10d | b367 0200 | 004c 8954 | 2408 48c7 | 0424 ffff 

  0x000002679f5576f8: ;   {runtime_call counter_overflow Runtime1 stub}
  0x000002679f5576f8: ffff e881 

  0x000002679f5576fc: ; ImmutableOopMap {[168]=Oop rax=Oop r9=Oop }
                      ;*synchronization entry
                      ; - java.lang.invoke.Invokers$Holder::linkToTargetMethod@-1
                      ; - java.lang.reflect.Proxy::getProxyConstructor@35 (line 427)
  0x000002679f5576fc: 4a35 07e9 | ddf8 ffff 

  0x000002679f557704: ;   {metadata({method} {0x00000267c8400270} 'invoke' '(Ljava/lang/Object;)Ljava/lang/Object;' in 'java/lang/invoke/LambdaForm$MH+0x00000267b4000400')}
  0x000002679f557704: 49ba 6802 | 40c8 6702 | 0000 4c89 | 5424 0848 | c704 24ff 

  0x000002679f557718: ;   {runtime_call counter_overflow Runtime1 stub}
  0x000002679f557718: ffff ffe8 

  0x000002679f55771c: ; ImmutableOopMap {[168]=Oop rax=Oop }
                      ;*synchronization entry
                      ; - java.lang.invoke.LambdaForm$MH/0x00000267b4000400::invoke@-1
                      ; - java.lang.invoke.Invokers$Holder::linkToTargetMethod@4
                      ; - java.lang.reflect.Proxy::getProxyConstructor@35 (line 427)
  0x000002679f55771c: 604a 3507 | e91f f9ff | ff48 8904 

  0x000002679f557728: ;   {runtime_call throw_class_cast_exception Runtime1 stub}
  0x000002679f557728: 24e8 721a 

  0x000002679f55772c: ; ImmutableOopMap {}
                      ;*checkcast {reexecute=0 rethrow=0 return_oop=0}
                      ; - java.lang.reflect.Proxy::getProxyConstructor@43 (line 427)
                      ;   {internal_word}
  0x000002679f55772c: 3507 49ba | 8272 559f | 6702 0000 | 4d89 9760 

  0x000002679f55773c: ;   {runtime_call SafepointBlob}
  0x000002679f55773c: 0300 00e9 | bc02 2b07 

  0x000002679f557744: ;   {metadata(NULL)}
  0x000002679f557744: 48ba 0000 | 0000 0000 | 0000 b800 

  0x000002679f557750: ;   {runtime_call load_klass_patching Runtime1 stub}
  0x000002679f557750: 0f05 0ae8 

  0x000002679f557754: ; ImmutableOopMap {[208]=Oop [168]=Oop }
                      ;*new {reexecute=1 rethrow=0 return_oop=0}
                      ; - (reexecute) java.util.Objects::requireNonNull@4 (line 209)
                      ; - java.util.Arrays$ArrayList::<init>@6 (line 4137)
                      ; - java.util.Arrays::asList@5 (line 4122)
                      ; - java.lang.reflect.Proxy::getProxyConstructor@66 (line 437)
  0x000002679f557754: a839 3507 | e93b fbff | ff48 8bd2 

  0x000002679f557760: ;   {runtime_call fast_new_instance Runtime1 stub}
  0x000002679f557760: e81b ff34 

  0x000002679f557764: ; ImmutableOopMap {[168]=Oop [208]=Oop }
                      ;*new {reexecute=0 rethrow=0 return_oop=0}
                      ; - java.util.Objects::requireNonNull@4 (line 209)
                      ; - java.util.Arrays$ArrayList::<init>@6 (line 4137)
                      ; - java.util.Arrays::asList@5 (line 4122)
                      ; - java.lang.reflect.Proxy::getProxyConstructor@66 (line 437)
  0x000002679f557764: 07e9 8afb | ffff 9090 | 498b 87d8 | 0300 0049 | c787 d803 | 0000 0000 | 0000 49c7 | 87e0 0300 
  0x000002679f557784: 0000 0000 | 0048 81c4 | e000 0000 

  0x000002679f557790: ;   {runtime_call unwind_exception Runtime1 stub}
  0x000002679f557790: 5de9 6a10 | 2c07 f4f4 | f4f4 f4f4 | f4f4 f4f4 
[Stub Code]
  0x000002679f5577a0: ;   {no_reloc}
  0x000002679f5577a0: 0f1f 4400 

  0x000002679f5577a4: ;   {static_stub}
  0x000002679f5577a4: 0048 bb00 | 0000 0000 

  0x000002679f5577ac: ;   {runtime_call}
  0x000002679f5577ac: 0000 00e9 | fbff ffff 

  0x000002679f5577b4: ;   {static_stub}
  0x000002679f5577b4: 9048 bb00 | 0000 0000 

  0x000002679f5577bc: ;   {runtime_call}
  0x000002679f5577bc: 0000 00e9 | fbff ffff 

  0x000002679f5577c4: ;   {static_stub}
  0x000002679f5577c4: 9048 bb00 | 0000 0000 

  0x000002679f5577cc: ;   {runtime_call}
  0x000002679f5577cc: 0000 00e9 | fbff ffff 

  0x000002679f5577d4: ;   {static_stub}
  0x000002679f5577d4: 9048 bb00 | 0000 0000 

  0x000002679f5577dc: ;   {runtime_call}
  0x000002679f5577dc: 0000 00e9 | fbff ffff 

  0x000002679f5577e4: ;   {static_stub}
  0x000002679f5577e4: 9048 bb00 | 0000 0000 

  0x000002679f5577ec: ;   {runtime_call}
  0x000002679f5577ec: 0000 00e9 | fbff ffff 

  0x000002679f5577f4: ;   {static_stub}
  0x000002679f5577f4: 9048 bbf0 | e715 b367 

  0x000002679f5577fc: ;   {runtime_call I2C/C2I adapters}
  0x000002679f5577fc: 0200 00e9 | dd61 2a07 

  0x000002679f557804: ;   {static_stub}
  0x000002679f557804: 9048 bb00 | 0000 0000 

  0x000002679f55780c: ;   {runtime_call}
  0x000002679f55780c: 0000 00e9 | fbff ffff 
[Exception Handler]
  0x000002679f557814: ;   {runtime_call handle_exception_from_callee Runtime1 stub}
  0x000002679f557814: e867 1335 

  0x000002679f557818: ;   {external_word}
  0x000002679f557818: 0748 b900 | fa37 03fa | 7f00 0048 

  0x000002679f557824: ;   {runtime_call}
  0x000002679f557824: 83e4 f049 | baf0 9700 | 03fa 7f00 | 0041 ffd2 

  0x000002679f557834: ;   {section_word}
  0x000002679f557834: f449 ba35 | 7855 9f67 | 0200 0041 

  0x000002679f557840: ;   {runtime_call DeoptimizationBlob}
  0x000002679f557840: 52e9 5af4 | 2a07 f4f4 
[/MachCode]


---------------  P R O C E S S  ---------------

Threads class SMR info:
_java_thread_list=0x00000267cd910e50, length=22, elements={
0x0000026795edc0f0, 0x00000267b2a2ba40, 0x00000267b2a2d080, 0x00000267b2a48600,
0x00000267b2a48ed0, 0x00000267b2a4a310, 0x00000267b2a4b750, 0x00000267b2a4cec0,
0x00000267b2a56400, 0x00000267b2a57880, 0x00000267b2be10b0, 0x00000267b2d0f5d0,
0x00000267cd8614f0, 0x00000267cdc4ff30, 0x00000267cddccc90, 0x00000267cdaff0f0,
0x00000267cd9006f0, 0x00000267cd92e400, 0x00000267cd92cfc0, 0x00000267cd92c090,
0x00000267cd92c5a0, 0x00000267cd92cab0
}

Java Threads: ( => current thread )
  0x0000026795edc0f0 JavaThread "main" [_thread_blocked, id=15888, stack(0x000000706b600000,0x000000706b700000)]
  0x00000267b2a2ba40 JavaThread "Reference Handler" daemon [_thread_blocked, id=21088, stack(0x000000706bd00000,0x000000706be00000)]
  0x00000267b2a2d080 JavaThread "Finalizer" daemon [_thread_blocked, id=16636, stack(0x000000706be00000,0x000000706bf00000)]
  0x00000267b2a48600 JavaThread "Signal Dispatcher" daemon [_thread_blocked, id=19720, stack(0x000000706bf00000,0x000000706c000000)]
  0x00000267b2a48ed0 JavaThread "Attach Listener" daemon [_thread_blocked, id=7492, stack(0x000000706c000000,0x000000706c100000)]
  0x00000267b2a4a310 JavaThread "Service Thread" daemon [_thread_blocked, id=5424, stack(0x000000706c100000,0x000000706c200000)]
  0x00000267b2a4b750 JavaThread "Monitor Deflation Thread" daemon [_thread_blocked, id=2684, stack(0x000000706c200000,0x000000706c300000)]
  0x00000267b2a4cec0 JavaThread "C2 CompilerThread0" daemon [_thread_blocked, id=17532, stack(0x000000706c300000,0x000000706c400000)]
  0x00000267b2a56400 JavaThread "C1 CompilerThread0" daemon [_thread_blocked, id=14428, stack(0x000000706c400000,0x000000706c500000)]
  0x00000267b2a57880 JavaThread "Sweeper thread" daemon [_thread_blocked, id=6948, stack(0x000000706c500000,0x000000706c600000)]
  0x00000267b2be10b0 JavaThread "Common-Cleaner" daemon [_thread_blocked, id=21880, stack(0x000000706c600000,0x000000706c700000)]
  0x00000267b2d0f5d0 JavaThread "Notification Thread" daemon [_thread_blocked, id=8612, stack(0x000000706c700000,0x000000706c800000)]
  0x00000267cd8614f0 JavaThread "Daemon health stats" [_thread_blocked, id=17124, stack(0x000000706ca00000,0x000000706cb00000)]
  0x00000267cdc4ff30 JavaThread "Incoming local TCP Connector on port 59295" [_thread_in_native, id=15828, stack(0x000000706c900000,0x000000706ca00000)]
  0x00000267cddccc90 JavaThread "Daemon periodic checks" [_thread_blocked, id=13596, stack(0x000000706d100000,0x000000706d200000)]
  0x00000267cdaff0f0 JavaThread "Daemon" [_thread_blocked, id=16076, stack(0x000000706d200000,0x000000706d300000)]
  0x00000267cd9006f0 JavaThread "Handler for socket connection from /127.0.0.1:59295 to /127.0.0.1:59296" [_thread_in_native, id=13432, stack(0x000000706d300000,0x000000706d400000)]
  0x00000267cd92e400 JavaThread "Cancel handler" [_thread_blocked, id=20724, stack(0x000000706d400000,0x000000706d500000)]
=>0x00000267cd92cfc0 JavaThread "Daemon worker" [_thread_in_vm, id=15984, stack(0x000000706d500000,0x000000706d600000)]
  0x00000267cd92c090 JavaThread "Asynchronous log dispatcher for DefaultDaemonConnection: socket connection from /127.0.0.1:59295 to /127.0.0.1:59296" [_thread_blocked, id=2112, stack(0x000000706d600000,0x000000706d700000)]
  0x00000267cd92c5a0 JavaThread "Stdin handler" [_thread_blocked, id=4440, stack(0x000000706d700000,0x000000706d800000)]
  0x00000267cd92cab0 JavaThread "Daemon client event forwarder" [_thread_blocked, id=22332, stack(0x000000706d800000,0x000000706d900000)]

Other Threads:
  0x00000267b2a23ee0 VMThread "VM Thread" [stack: 0x000000706bc00000,0x000000706bd00000] [id=19584] _threads_hazard_ptr=0x00000267cd910e50
  0x00000267b2d0feb0 WatcherThread [stack: 0x000000706c800000,0x000000706c900000] [id=20336]
  0x0000026795f09670 GCTaskThread "GC Thread#0" [stack: 0x000000706b700000,0x000000706b800000] [id=14544]
  0x00000267cc35fd10 GCTaskThread "GC Thread#1" [stack: 0x000000706cb00000,0x000000706cc00000] [id=5956]
  0x00000267cc272b60 GCTaskThread "GC Thread#2" [stack: 0x000000706cc00000,0x000000706cd00000] [id=16572]
  0x00000267b2dc6430 GCTaskThread "GC Thread#3" [stack: 0x000000706cd00000,0x000000706ce00000] [id=17676]
  0x00000267b2dc66f0 GCTaskThread "GC Thread#4" [stack: 0x000000706ce00000,0x000000706cf00000] [id=16376]
  0x00000267cc1f4e80 GCTaskThread "GC Thread#5" [stack: 0x000000706cf00000,0x000000706d000000] [id=15444]
  0x0000026795f0e4d0 ConcurrentGCThread "G1 Main Marker" [stack: 0x000000706b800000,0x000000706b900000] [id=11000]
  0x0000026795f0fad0 ConcurrentGCThread "G1 Conc#0" [stack: 0x000000706b900000,0x000000706ba00000] [id=17700]
  0x0000026795f8e4e0 ConcurrentGCThread "G1 Refine#0" [stack: 0x000000706ba00000,0x000000706bb00000] [id=10340]
  0x00000267b28e7120 ConcurrentGCThread "G1 Service" [stack: 0x000000706bb00000,0x000000706bc00000] [id=21216]

Threads with active compile tasks:
C2 CompilerThread0  10524 2312       4       jdk.internal.org.objectweb.asm.Frame::execute (2305 bytes)
C1 CompilerThread0  10524 2334       3       jdk.internal.org.objectweb.asm.Frame::getConcreteOutputType (111 bytes)

VM state: synchronizing (normal execution)

VM Mutex/Monitor currently owned by a thread:  ([mutex/lock_event])
[0x0000026795ed6810] Threads_lock - owner thread: 0x00000267b2a23ee0

Heap address: 0x00000000e0000000, size: 512 MB, Compressed Oops mode: 32-bit

CDS archive(s) mapped at: [0x00000267b3000000-0x00000267b3bb0000-0x00000267b3bb0000), size 12255232, SharedBaseAddress: 0x00000267b3000000, ArchiveRelocationMode: 1.
Compressed class space mapped at: 0x00000267b4000000-0x00000267c8000000, reserved size: 335544320
Narrow klass base: 0x00000267b3000000, Narrow klass shift: 0, Narrow klass range: 0x100000000

GC Precious Log:
 CPUs: 8 total, 8 available
 Memory: 7562M
 Large Page Support: Disabled
 NUMA Support: Disabled
 Compressed Oops: Enabled (32-bit)
 Heap Region Size: 1M
 Heap Min Capacity: 256M
 Heap Initial Capacity: 256M
 Heap Max Capacity: 512M
 Pre-touch: Disabled
 Parallel Workers: 8
 Concurrent Workers: 2
 Concurrent Refinement Workers: 8
 Periodic GC: Disabled

Heap:
 garbage-first heap   total 262144K, used 57847K [0x00000000e0000000, 0x0000000100000000)
  region size 1024K, 45 young (46080K), 5 survivors (5120K)
 Metaspace       used 13204K, committed 13440K, reserved 393216K
  class space    used 1799K, committed 1920K, reserved 327680K

Heap Regions: E=young(eden), S=young(survivor), O=old, HS=humongous(starts), HC=humongous(continues), CS=collection set, F=free, OA=open archive, CA=closed archive, TAMS=top-at-mark-start (previous, next)
|   0|0x00000000e0000000, 0x00000000e0100000, 0x00000000e0100000|100%| O|  |TAMS 0x00000000e0000000, 0x00000000e0000000| Untracked 
|   1|0x00000000e0100000, 0x00000000e0200000, 0x00000000e0200000|100%| O|  |TAMS 0x00000000e0100000, 0x00000000e0100000| Untracked 
|   2|0x00000000e0200000, 0x00000000e0300000, 0x00000000e0300000|100%|HS|  |TAMS 0x00000000e0200000, 0x00000000e0200000| Complete 
|   3|0x00000000e0300000, 0x00000000e0400000, 0x00000000e0400000|100%|HC|  |TAMS 0x00000000e0300000, 0x00000000e0300000| Complete 
|   4|0x00000000e0400000, 0x00000000e0500000, 0x00000000e0500000|100%|HC|  |TAMS 0x00000000e0400000, 0x00000000e0400000| Complete 
|   5|0x00000000e0500000, 0x00000000e0600000, 0x00000000e0600000|100%|HC|  |TAMS 0x00000000e0500000, 0x00000000e0500000| Complete 
|   6|0x00000000e0600000, 0x00000000e0700000, 0x00000000e0700000|100%| O|  |TAMS 0x00000000e0600000, 0x00000000e0600000| Untracked 
|   7|0x00000000e0700000, 0x00000000e0800000, 0x00000000e0800000|100%| O|  |TAMS 0x00000000e0700000, 0x00000000e0700000| Untracked 
|   8|0x00000000e0800000, 0x00000000e0900000, 0x00000000e0900000|100%| O|  |TAMS 0x00000000e0800000, 0x00000000e0800000| Untracked 
|   9|0x00000000e0900000, 0x00000000e0a00000, 0x00000000e0a00000|100%|HS|  |TAMS 0x00000000e0900000, 0x00000000e0900000| Complete 
|  10|0x00000000e0a00000, 0x00000000e0a00000, 0x00000000e0b00000|  0%| F|  |TAMS 0x00000000e0a00000, 0x00000000e0a00000| Untracked 
|  11|0x00000000e0b00000, 0x00000000e0c00000, 0x00000000e0c00000|100%| O|  |TAMS 0x00000000e0b00000, 0x00000000e0b00000| Untracked 
|  12|0x00000000e0c00000, 0x00000000e0d00000, 0x00000000e0d00000|100%| O|  |TAMS 0x00000000e0c00000, 0x00000000e0c00000| Untracked 
|  13|0x00000000e0d00000, 0x00000000e0e00000, 0x00000000e0e00000|100%| O|  |TAMS 0x00000000e0d00000, 0x00000000e0d00000| Untracked 
|  14|0x00000000e0e00000, 0x00000000e0e06600, 0x00000000e0f00000|  2%| O|  |TAMS 0x00000000e0e00000, 0x00000000e0e00000| Untracked 
|  15|0x00000000e0f00000, 0x00000000e0f00000, 0x00000000e1000000|  0%| F|  |TAMS 0x00000000e0f00000, 0x00000000e0f00000| Untracked 
|  16|0x00000000e1000000, 0x00000000e1000000, 0x00000000e1100000|  0%| F|  |TAMS 0x00000000e1000000, 0x00000000e1000000| Untracked 
|  17|0x00000000e1100000, 0x00000000e1100000, 0x00000000e1200000|  0%| F|  |TAMS 0x00000000e1100000, 0x00000000e1100000| Untracked 
|  18|0x00000000e1200000, 0x00000000e1200000, 0x00000000e1300000|  0%| F|  |TAMS 0x00000000e1200000, 0x00000000e1200000| Untracked 
|  19|0x00000000e1300000, 0x00000000e1300000, 0x00000000e1400000|  0%| F|  |TAMS 0x00000000e1300000, 0x00000000e1300000| Untracked 
|  20|0x00000000e1400000, 0x00000000e1400000, 0x00000000e1500000|  0%| F|  |TAMS 0x00000000e1400000, 0x00000000e1400000| Untracked 
|  21|0x00000000e1500000, 0x00000000e1500000, 0x00000000e1600000|  0%| F|  |TAMS 0x00000000e1500000, 0x00000000e1500000| Untracked 
|  22|0x00000000e1600000, 0x00000000e1600000, 0x00000000e1700000|  0%| F|  |TAMS 0x00000000e1600000, 0x00000000e1600000| Untracked 
|  23|0x00000000e1700000, 0x00000000e1700000, 0x00000000e1800000|  0%| F|  |TAMS 0x00000000e1700000, 0x00000000e1700000| Untracked 
|  24|0x00000000e1800000, 0x00000000e1800000, 0x00000000e1900000|  0%| F|  |TAMS 0x00000000e1800000, 0x00000000e1800000| Untracked 
|  25|0x00000000e1900000, 0x00000000e1900000, 0x00000000e1a00000|  0%| F|  |TAMS 0x00000000e1900000, 0x00000000e1900000| Untracked 
|  26|0x00000000e1a00000, 0x00000000e1a00000, 0x00000000e1b00000|  0%| F|  |TAMS 0x00000000e1a00000, 0x00000000e1a00000| Untracked 
|  27|0x00000000e1b00000, 0x00000000e1b00000, 0x00000000e1c00000|  0%| F|  |TAMS 0x00000000e1b00000, 0x00000000e1b00000| Untracked 
|  28|0x00000000e1c00000, 0x00000000e1c00000, 0x00000000e1d00000|  0%| F|  |TAMS 0x00000000e1c00000, 0x00000000e1c00000| Untracked 
|  29|0x00000000e1d00000, 0x00000000e1d00000, 0x00000000e1e00000|  0%| F|  |TAMS 0x00000000e1d00000, 0x00000000e1d00000| Untracked 
|  30|0x00000000e1e00000, 0x00000000e1e00000, 0x00000000e1f00000|  0%| F|  |TAMS 0x00000000e1e00000, 0x00000000e1e00000| Untracked 
|  31|0x00000000e1f00000, 0x00000000e1f00000, 0x00000000e2000000|  0%| F|  |TAMS 0x00000000e1f00000, 0x00000000e1f00000| Untracked 
|  32|0x00000000e2000000, 0x00000000e2000000, 0x00000000e2100000|  0%| F|  |TAMS 0x00000000e2000000, 0x00000000e2000000| Untracked 
|  33|0x00000000e2100000, 0x00000000e2100000, 0x00000000e2200000|  0%| F|  |TAMS 0x00000000e2100000, 0x00000000e2100000| Untracked 
|  34|0x00000000e2200000, 0x00000000e2200000, 0x00000000e2300000|  0%| F|  |TAMS 0x00000000e2200000, 0x00000000e2200000| Untracked 
|  35|0x00000000e2300000, 0x00000000e2300000, 0x00000000e2400000|  0%| F|  |TAMS 0x00000000e2300000, 0x00000000e2300000| Untracked 
|  36|0x00000000e2400000, 0x00000000e2400000, 0x00000000e2500000|  0%| F|  |TAMS 0x00000000e2400000, 0x00000000e2400000| Untracked 
|  37|0x00000000e2500000, 0x00000000e2500000, 0x00000000e2600000|  0%| F|  |TAMS 0x00000000e2500000, 0x00000000e2500000| Untracked 
|  38|0x00000000e2600000, 0x00000000e2600000, 0x00000000e2700000|  0%| F|  |TAMS 0x00000000e2600000, 0x00000000e2600000| Untracked 
|  39|0x00000000e2700000, 0x00000000e2700000, 0x00000000e2800000|  0%| F|  |TAMS 0x00000000e2700000, 0x00000000e2700000| Untracked 
|  40|0x00000000e2800000, 0x00000000e2800000, 0x00000000e2900000|  0%| F|  |TAMS 0x00000000e2800000, 0x00000000e2800000| Untracked 
|  41|0x00000000e2900000, 0x00000000e2900000, 0x00000000e2a00000|  0%| F|  |TAMS 0x00000000e2900000, 0x00000000e2900000| Untracked 
|  42|0x00000000e2a00000, 0x00000000e2a00000, 0x00000000e2b00000|  0%| F|  |TAMS 0x00000000e2a00000, 0x00000000e2a00000| Untracked 
|  43|0x00000000e2b00000, 0x00000000e2b00000, 0x00000000e2c00000|  0%| F|  |TAMS 0x00000000e2b00000, 0x00000000e2b00000| Untracked 
|  44|0x00000000e2c00000, 0x00000000e2c00000, 0x00000000e2d00000|  0%| F|  |TAMS 0x00000000e2c00000, 0x00000000e2c00000| Untracked 
|  45|0x00000000e2d00000, 0x00000000e2d00000, 0x00000000e2e00000|  0%| F|  |TAMS 0x00000000e2d00000, 0x00000000e2d00000| Untracked 
|  46|0x00000000e2e00000, 0x00000000e2e00000, 0x00000000e2f00000|  0%| F|  |TAMS 0x00000000e2e00000, 0x00000000e2e00000| Untracked 
|  47|0x00000000e2f00000, 0x00000000e2f00000, 0x00000000e3000000|  0%| F|  |TAMS 0x00000000e2f00000, 0x00000000e2f00000| Untracked 
|  48|0x00000000e3000000, 0x00000000e3000000, 0x00000000e3100000|  0%| F|  |TAMS 0x00000000e3000000, 0x00000000e3000000| Untracked 
|  49|0x00000000e3100000, 0x00000000e3100000, 0x00000000e3200000|  0%| F|  |TAMS 0x00000000e3100000, 0x00000000e3100000| Untracked 
|  50|0x00000000e3200000, 0x00000000e3200000, 0x00000000e3300000|  0%| F|  |TAMS 0x00000000e3200000, 0x00000000e3200000| Untracked 
|  51|0x00000000e3300000, 0x00000000e3300000, 0x00000000e3400000|  0%| F|  |TAMS 0x00000000e3300000, 0x00000000e3300000| Untracked 
|  52|0x00000000e3400000, 0x00000000e3400000, 0x00000000e3500000|  0%| F|  |TAMS 0x00000000e3400000, 0x00000000e3400000| Untracked 
|  53|0x00000000e3500000, 0x00000000e3500000, 0x00000000e3600000|  0%| F|  |TAMS 0x00000000e3500000, 0x00000000e3500000| Untracked 
|  54|0x00000000e3600000, 0x00000000e3600000, 0x00000000e3700000|  0%| F|  |TAMS 0x00000000e3600000, 0x00000000e3600000| Untracked 
|  55|0x00000000e3700000, 0x00000000e3700000, 0x00000000e3800000|  0%| F|  |TAMS 0x00000000e3700000, 0x00000000e3700000| Untracked 
|  56|0x00000000e3800000, 0x00000000e3800000, 0x00000000e3900000|  0%| F|  |TAMS 0x00000000e3800000, 0x00000000e3800000| Untracked 
|  57|0x00000000e3900000, 0x00000000e3900000, 0x00000000e3a00000|  0%| F|  |TAMS 0x00000000e3900000, 0x00000000e3900000| Untracked 
|  58|0x00000000e3a00000, 0x00000000e3a00000, 0x00000000e3b00000|  0%| F|  |TAMS 0x00000000e3a00000, 0x00000000e3a00000| Untracked 
|  59|0x00000000e3b00000, 0x00000000e3b00000, 0x00000000e3c00000|  0%| F|  |TAMS 0x00000000e3b00000, 0x00000000e3b00000| Untracked 
|  60|0x00000000e3c00000, 0x00000000e3c00000, 0x00000000e3d00000|  0%| F|  |TAMS 0x00000000e3c00000, 0x00000000e3c00000| Untracked 
|  61|0x00000000e3d00000, 0x00000000e3d00000, 0x00000000e3e00000|  0%| F|  |TAMS 0x00000000e3d00000, 0x00000000e3d00000| Untracked 
|  62|0x00000000e3e00000, 0x00000000e3e00000, 0x00000000e3f00000|  0%| F|  |TAMS 0x00000000e3e00000, 0x00000000e3e00000| Untracked 
|  63|0x00000000e3f00000, 0x00000000e3f00000, 0x00000000e4000000|  0%| F|  |TAMS 0x00000000e3f00000, 0x00000000e3f00000| Untracked 
|  64|0x00000000e4000000, 0x00000000e4000000, 0x00000000e4100000|  0%| F|  |TAMS 0x00000000e4000000, 0x00000000e4000000| Untracked 
|  65|0x00000000e4100000, 0x00000000e4100000, 0x00000000e4200000|  0%| F|  |TAMS 0x00000000e4100000, 0x00000000e4100000| Untracked 
|  66|0x00000000e4200000, 0x00000000e4200000, 0x00000000e4300000|  0%| F|  |TAMS 0x00000000e4200000, 0x00000000e4200000| Untracked 
|  67|0x00000000e4300000, 0x00000000e4300000, 0x00000000e4400000|  0%| F|  |TAMS 0x00000000e4300000, 0x00000000e4300000| Untracked 
|  68|0x00000000e4400000, 0x00000000e4400000, 0x00000000e4500000|  0%| F|  |TAMS 0x00000000e4400000, 0x00000000e4400000| Untracked 
|  69|0x00000000e4500000, 0x00000000e4500000, 0x00000000e4600000|  0%| F|  |TAMS 0x00000000e4500000, 0x00000000e4500000| Untracked 
|  70|0x00000000e4600000, 0x00000000e4600000, 0x00000000e4700000|  0%| F|  |TAMS 0x00000000e4600000, 0x00000000e4600000| Untracked 
|  71|0x00000000e4700000, 0x00000000e4700000, 0x00000000e4800000|  0%| F|  |TAMS 0x00000000e4700000, 0x00000000e4700000| Untracked 
|  72|0x00000000e4800000, 0x00000000e4800000, 0x00000000e4900000|  0%| F|  |TAMS 0x00000000e4800000, 0x00000000e4800000| Untracked 
|  73|0x00000000e4900000, 0x00000000e4900000, 0x00000000e4a00000|  0%| F|  |TAMS 0x00000000e4900000, 0x00000000e4900000| Untracked 
|  74|0x00000000e4a00000, 0x00000000e4a00000, 0x00000000e4b00000|  0%| F|  |TAMS 0x00000000e4a00000, 0x00000000e4a00000| Untracked 
|  75|0x00000000e4b00000, 0x00000000e4b00000, 0x00000000e4c00000|  0%| F|  |TAMS 0x00000000e4b00000, 0x00000000e4b00000| Untracked 
|  76|0x00000000e4c00000, 0x00000000e4c00000, 0x00000000e4d00000|  0%| F|  |TAMS 0x00000000e4c00000, 0x00000000e4c00000| Untracked 
|  77|0x00000000e4d00000, 0x00000000e4d00000, 0x00000000e4e00000|  0%| F|  |TAMS 0x00000000e4d00000, 0x00000000e4d00000| Untracked 
|  78|0x00000000e4e00000, 0x00000000e4e00000, 0x00000000e4f00000|  0%| F|  |TAMS 0x00000000e4e00000, 0x00000000e4e00000| Untracked 
|  79|0x00000000e4f00000, 0x00000000e4f00000, 0x00000000e5000000|  0%| F|  |TAMS 0x00000000e4f00000, 0x00000000e4f00000| Untracked 
|  80|0x00000000e5000000, 0x00000000e5000000, 0x00000000e5100000|  0%| F|  |TAMS 0x00000000e5000000, 0x00000000e5000000| Untracked 
|  81|0x00000000e5100000, 0x00000000e5100000, 0x00000000e5200000|  0%| F|  |TAMS 0x00000000e5100000, 0x00000000e5100000| Untracked 
|  82|0x00000000e5200000, 0x00000000e5200000, 0x00000000e5300000|  0%| F|  |TAMS 0x00000000e5200000, 0x00000000e5200000| Untracked 
|  83|0x00000000e5300000, 0x00000000e5300000, 0x00000000e5400000|  0%| F|  |TAMS 0x00000000e5300000, 0x00000000e5300000| Untracked 
|  84|0x00000000e5400000, 0x00000000e5400000, 0x00000000e5500000|  0%| F|  |TAMS 0x00000000e5400000, 0x00000000e5400000| Untracked 
|  85|0x00000000e5500000, 0x00000000e5500000, 0x00000000e5600000|  0%| F|  |TAMS 0x00000000e5500000, 0x00000000e5500000| Untracked 
|  86|0x00000000e5600000, 0x00000000e5600000, 0x00000000e5700000|  0%| F|  |TAMS 0x00000000e5600000, 0x00000000e5600000| Untracked 
|  87|0x00000000e5700000, 0x00000000e5700000, 0x00000000e5800000|  0%| F|  |TAMS 0x00000000e5700000, 0x00000000e5700000| Untracked 
|  88|0x00000000e5800000, 0x00000000e5800000, 0x00000000e5900000|  0%| F|  |TAMS 0x00000000e5800000, 0x00000000e5800000| Untracked 
|  89|0x00000000e5900000, 0x00000000e5900000, 0x00000000e5a00000|  0%| F|  |TAMS 0x00000000e5900000, 0x00000000e5900000| Untracked 
|  90|0x00000000e5a00000, 0x00000000e5a00000, 0x00000000e5b00000|  0%| F|  |TAMS 0x00000000e5a00000, 0x00000000e5a00000| Untracked 
|  91|0x00000000e5b00000, 0x00000000e5b00000, 0x00000000e5c00000|  0%| F|  |TAMS 0x00000000e5b00000, 0x00000000e5b00000| Untracked 
|  92|0x00000000e5c00000, 0x00000000e5c00000, 0x00000000e5d00000|  0%| F|  |TAMS 0x00000000e5c00000, 0x00000000e5c00000| Untracked 
|  93|0x00000000e5d00000, 0x00000000e5d00000, 0x00000000e5e00000|  0%| F|  |TAMS 0x00000000e5d00000, 0x00000000e5d00000| Untracked 
|  94|0x00000000e5e00000, 0x00000000e5e00000, 0x00000000e5f00000|  0%| F|  |TAMS 0x00000000e5e00000, 0x00000000e5e00000| Untracked 
|  95|0x00000000e5f00000, 0x00000000e5f00000, 0x00000000e6000000|  0%| F|  |TAMS 0x00000000e5f00000, 0x00000000e5f00000| Untracked 
|  96|0x00000000e6000000, 0x00000000e6000000, 0x00000000e6100000|  0%| F|  |TAMS 0x00000000e6000000, 0x00000000e6000000| Untracked 
|  97|0x00000000e6100000, 0x00000000e6100000, 0x00000000e6200000|  0%| F|  |TAMS 0x00000000e6100000, 0x00000000e6100000| Untracked 
|  98|0x00000000e6200000, 0x00000000e6200000, 0x00000000e6300000|  0%| F|  |TAMS 0x00000000e6200000, 0x00000000e6200000| Untracked 
|  99|0x00000000e6300000, 0x00000000e6300000, 0x00000000e6400000|  0%| F|  |TAMS 0x00000000e6300000, 0x00000000e6300000| Untracked 
| 100|0x00000000e6400000, 0x00000000e6400000, 0x00000000e6500000|  0%| F|  |TAMS 0x00000000e6400000, 0x00000000e6400000| Untracked 
| 101|0x00000000e6500000, 0x00000000e6500000, 0x00000000e6600000|  0%| F|  |TAMS 0x00000000e6500000, 0x00000000e6500000| Untracked 
| 102|0x00000000e6600000, 0x00000000e6600000, 0x00000000e6700000|  0%| F|  |TAMS 0x00000000e6600000, 0x00000000e6600000| Untracked 
| 103|0x00000000e6700000, 0x00000000e6700000, 0x00000000e6800000|  0%| F|  |TAMS 0x00000000e6700000, 0x00000000e6700000| Untracked 
| 104|0x00000000e6800000, 0x00000000e6800000, 0x00000000e6900000|  0%| F|  |TAMS 0x00000000e6800000, 0x00000000e6800000| Untracked 
| 105|0x00000000e6900000, 0x00000000e6900000, 0x00000000e6a00000|  0%| F|  |TAMS 0x00000000e6900000, 0x00000000e6900000| Untracked 
| 106|0x00000000e6a00000, 0x00000000e6a00000, 0x00000000e6b00000|  0%| F|  |TAMS 0x00000000e6a00000, 0x00000000e6a00000| Untracked 
| 107|0x00000000e6b00000, 0x00000000e6b00000, 0x00000000e6c00000|  0%| F|  |TAMS 0x00000000e6b00000, 0x00000000e6b00000| Untracked 
| 108|0x00000000e6c00000, 0x00000000e6c00000, 0x00000000e6d00000|  0%| F|  |TAMS 0x00000000e6c00000, 0x00000000e6c00000| Untracked 
| 109|0x00000000e6d00000, 0x00000000e6d00000, 0x00000000e6e00000|  0%| F|  |TAMS 0x00000000e6d00000, 0x00000000e6d00000| Untracked 
| 110|0x00000000e6e00000, 0x00000000e6e00000, 0x00000000e6f00000|  0%| F|  |TAMS 0x00000000e6e00000, 0x00000000e6e00000| Untracked 
| 111|0x00000000e6f00000, 0x00000000e6f00000, 0x00000000e7000000|  0%| F|  |TAMS 0x00000000e6f00000, 0x00000000e6f00000| Untracked 
| 112|0x00000000e7000000, 0x00000000e7000000, 0x00000000e7100000|  0%| F|  |TAMS 0x00000000e7000000, 0x00000000e7000000| Untracked 
| 113|0x00000000e7100000, 0x00000000e7100000, 0x00000000e7200000|  0%| F|  |TAMS 0x00000000e7100000, 0x00000000e7100000| Untracked 
| 114|0x00000000e7200000, 0x00000000e7200000, 0x00000000e7300000|  0%| F|  |TAMS 0x00000000e7200000, 0x00000000e7200000| Untracked 
| 115|0x00000000e7300000, 0x00000000e7300000, 0x00000000e7400000|  0%| F|  |TAMS 0x00000000e7300000, 0x00000000e7300000| Untracked 
| 116|0x00000000e7400000, 0x00000000e7400000, 0x00000000e7500000|  0%| F|  |TAMS 0x00000000e7400000, 0x00000000e7400000| Untracked 
| 117|0x00000000e7500000, 0x00000000e7500000, 0x00000000e7600000|  0%| F|  |TAMS 0x00000000e7500000, 0x00000000e7500000| Untracked 
| 118|0x00000000e7600000, 0x00000000e7600000, 0x00000000e7700000|  0%| F|  |TAMS 0x00000000e7600000, 0x00000000e7600000| Untracked 
| 119|0x00000000e7700000, 0x00000000e7700000, 0x00000000e7800000|  0%| F|  |TAMS 0x00000000e7700000, 0x00000000e7700000| Untracked 
| 120|0x00000000e7800000, 0x00000000e7800000, 0x00000000e7900000|  0%| F|  |TAMS 0x00000000e7800000, 0x00000000e7800000| Untracked 
| 121|0x00000000e7900000, 0x00000000e7900000, 0x00000000e7a00000|  0%| F|  |TAMS 0x00000000e7900000, 0x00000000e7900000| Untracked 
| 122|0x00000000e7a00000, 0x00000000e7a00000, 0x00000000e7b00000|  0%| F|  |TAMS 0x00000000e7a00000, 0x00000000e7a00000| Untracked 
| 123|0x00000000e7b00000, 0x00000000e7b00000, 0x00000000e7c00000|  0%| F|  |TAMS 0x00000000e7b00000, 0x00000000e7b00000| Untracked 
| 124|0x00000000e7c00000, 0x00000000e7c00000, 0x00000000e7d00000|  0%| F|  |TAMS 0x00000000e7c00000, 0x00000000e7c00000| Untracked 
| 125|0x00000000e7d00000, 0x00000000e7d00000, 0x00000000e7e00000|  0%| F|  |TAMS 0x00000000e7d00000, 0x00000000e7d00000| Untracked 
| 126|0x00000000e7e00000, 0x00000000e7e00000, 0x00000000e7f00000|  0%| F|  |TAMS 0x00000000e7e00000, 0x00000000e7e00000| Untracked 
| 127|0x00000000e7f00000, 0x00000000e7f00000, 0x00000000e8000000|  0%| F|  |TAMS 0x00000000e7f00000, 0x00000000e7f00000| Untracked 
| 128|0x00000000e8000000, 0x00000000e8000000, 0x00000000e8100000|  0%| F|  |TAMS 0x00000000e8000000, 0x00000000e8000000| Untracked 
| 129|0x00000000e8100000, 0x00000000e8100000, 0x00000000e8200000|  0%| F|  |TAMS 0x00000000e8100000, 0x00000000e8100000| Untracked 
| 130|0x00000000e8200000, 0x00000000e8200000, 0x00000000e8300000|  0%| F|  |TAMS 0x00000000e8200000, 0x00000000e8200000| Untracked 
| 131|0x00000000e8300000, 0x00000000e8300000, 0x00000000e8400000|  0%| F|  |TAMS 0x00000000e8300000, 0x00000000e8300000| Untracked 
| 132|0x00000000e8400000, 0x00000000e8400000, 0x00000000e8500000|  0%| F|  |TAMS 0x00000000e8400000, 0x00000000e8400000| Untracked 
| 133|0x00000000e8500000, 0x00000000e8500000, 0x00000000e8600000|  0%| F|  |TAMS 0x00000000e8500000, 0x00000000e8500000| Untracked 
| 134|0x00000000e8600000, 0x00000000e8600000, 0x00000000e8700000|  0%| F|  |TAMS 0x00000000e8600000, 0x00000000e8600000| Untracked 
| 135|0x00000000e8700000, 0x00000000e8700000, 0x00000000e8800000|  0%| F|  |TAMS 0x00000000e8700000, 0x00000000e8700000| Untracked 
| 136|0x00000000e8800000, 0x00000000e8800000, 0x00000000e8900000|  0%| F|  |TAMS 0x00000000e8800000, 0x00000000e8800000| Untracked 
| 137|0x00000000e8900000, 0x00000000e8900000, 0x00000000e8a00000|  0%| F|  |TAMS 0x00000000e8900000, 0x00000000e8900000| Untracked 
| 138|0x00000000e8a00000, 0x00000000e8a00000, 0x00000000e8b00000|  0%| F|  |TAMS 0x00000000e8a00000, 0x00000000e8a00000| Untracked 
| 139|0x00000000e8b00000, 0x00000000e8b00000, 0x00000000e8c00000|  0%| F|  |TAMS 0x00000000e8b00000, 0x00000000e8b00000| Untracked 
| 140|0x00000000e8c00000, 0x00000000e8c00000, 0x00000000e8d00000|  0%| F|  |TAMS 0x00000000e8c00000, 0x00000000e8c00000| Untracked 
| 141|0x00000000e8d00000, 0x00000000e8d00000, 0x00000000e8e00000|  0%| F|  |TAMS 0x00000000e8d00000, 0x00000000e8d00000| Untracked 
| 142|0x00000000e8e00000, 0x00000000e8e00000, 0x00000000e8f00000|  0%| F|  |TAMS 0x00000000e8e00000, 0x00000000e8e00000| Untracked 
| 143|0x00000000e8f00000, 0x00000000e8f00000, 0x00000000e9000000|  0%| F|  |TAMS 0x00000000e8f00000, 0x00000000e8f00000| Untracked 
| 144|0x00000000e9000000, 0x00000000e9000000, 0x00000000e9100000|  0%| F|  |TAMS 0x00000000e9000000, 0x00000000e9000000| Untracked 
| 145|0x00000000e9100000, 0x00000000e9100000, 0x00000000e9200000|  0%| F|  |TAMS 0x00000000e9100000, 0x00000000e9100000| Untracked 
| 146|0x00000000e9200000, 0x00000000e9200000, 0x00000000e9300000|  0%| F|  |TAMS 0x00000000e9200000, 0x00000000e9200000| Untracked 
| 147|0x00000000e9300000, 0x00000000e9300000, 0x00000000e9400000|  0%| F|  |TAMS 0x00000000e9300000, 0x00000000e9300000| Untracked 
| 148|0x00000000e9400000, 0x00000000e9400000, 0x00000000e9500000|  0%| F|  |TAMS 0x00000000e9400000, 0x00000000e9400000| Untracked 
| 149|0x00000000e9500000, 0x00000000e9500000, 0x00000000e9600000|  0%| F|  |TAMS 0x00000000e9500000, 0x00000000e9500000| Untracked 
| 150|0x00000000e9600000, 0x00000000e9600000, 0x00000000e9700000|  0%| F|  |TAMS 0x00000000e9600000, 0x00000000e9600000| Untracked 
| 151|0x00000000e9700000, 0x00000000e9700000, 0x00000000e9800000|  0%| F|  |TAMS 0x00000000e9700000, 0x00000000e9700000| Untracked 
| 152|0x00000000e9800000, 0x00000000e9800000, 0x00000000e9900000|  0%| F|  |TAMS 0x00000000e9800000, 0x00000000e9800000| Untracked 
| 153|0x00000000e9900000, 0x00000000e9900000, 0x00000000e9a00000|  0%| F|  |TAMS 0x00000000e9900000, 0x00000000e9900000| Untracked 
| 154|0x00000000e9a00000, 0x00000000e9a00000, 0x00000000e9b00000|  0%| F|  |TAMS 0x00000000e9a00000, 0x00000000e9a00000| Untracked 
| 155|0x00000000e9b00000, 0x00000000e9b00000, 0x00000000e9c00000|  0%| F|  |TAMS 0x00000000e9b00000, 0x00000000e9b00000| Untracked 
| 156|0x00000000e9c00000, 0x00000000e9c00000, 0x00000000e9d00000|  0%| F|  |TAMS 0x00000000e9c00000, 0x00000000e9c00000| Untracked 
| 157|0x00000000e9d00000, 0x00000000e9d00000, 0x00000000e9e00000|  0%| F|  |TAMS 0x00000000e9d00000, 0x00000000e9d00000| Untracked 
| 158|0x00000000e9e00000, 0x00000000e9e00000, 0x00000000e9f00000|  0%| F|  |TAMS 0x00000000e9e00000, 0x00000000e9e00000| Untracked 
| 159|0x00000000e9f00000, 0x00000000e9f00000, 0x00000000ea000000|  0%| F|  |TAMS 0x00000000e9f00000, 0x00000000e9f00000| Untracked 
| 160|0x00000000ea000000, 0x00000000ea000000, 0x00000000ea100000|  0%| F|  |TAMS 0x00000000ea000000, 0x00000000ea000000| Untracked 
| 161|0x00000000ea100000, 0x00000000ea100000, 0x00000000ea200000|  0%| F|  |TAMS 0x00000000ea100000, 0x00000000ea100000| Untracked 
| 162|0x00000000ea200000, 0x00000000ea200000, 0x00000000ea300000|  0%| F|  |TAMS 0x00000000ea200000, 0x00000000ea200000| Untracked 
| 163|0x00000000ea300000, 0x00000000ea300000, 0x00000000ea400000|  0%| F|  |TAMS 0x00000000ea300000, 0x00000000ea300000| Untracked 
| 164|0x00000000ea400000, 0x00000000ea400000, 0x00000000ea500000|  0%| F|  |TAMS 0x00000000ea400000, 0x00000000ea400000| Untracked 
| 165|0x00000000ea500000, 0x00000000ea500000, 0x00000000ea600000|  0%| F|  |TAMS 0x00000000ea500000, 0x00000000ea500000| Untracked 
| 166|0x00000000ea600000, 0x00000000ea600000, 0x00000000ea700000|  0%| F|  |TAMS 0x00000000ea600000, 0x00000000ea600000| Untracked 
| 167|0x00000000ea700000, 0x00000000ea700000, 0x00000000ea800000|  0%| F|  |TAMS 0x00000000ea700000, 0x00000000ea700000| Untracked 
| 168|0x00000000ea800000, 0x00000000ea800000, 0x00000000ea900000|  0%| F|  |TAMS 0x00000000ea800000, 0x00000000ea800000| Untracked 
| 169|0x00000000ea900000, 0x00000000ea900000, 0x00000000eaa00000|  0%| F|  |TAMS 0x00000000ea900000, 0x00000000ea900000| Untracked 
| 170|0x00000000eaa00000, 0x00000000eaa00000, 0x00000000eab00000|  0%| F|  |TAMS 0x00000000eaa00000, 0x00000000eaa00000| Untracked 
| 171|0x00000000eab00000, 0x00000000eab00000, 0x00000000eac00000|  0%| F|  |TAMS 0x00000000eab00000, 0x00000000eab00000| Untracked 
| 172|0x00000000eac00000, 0x00000000eac00000, 0x00000000ead00000|  0%| F|  |TAMS 0x00000000eac00000, 0x00000000eac00000| Untracked 
| 173|0x00000000ead00000, 0x00000000ead00000, 0x00000000eae00000|  0%| F|  |TAMS 0x00000000ead00000, 0x00000000ead00000| Untracked 
| 174|0x00000000eae00000, 0x00000000eae00000, 0x00000000eaf00000|  0%| F|  |TAMS 0x00000000eae00000, 0x00000000eae00000| Untracked 
| 175|0x00000000eaf00000, 0x00000000eaf00000, 0x00000000eb000000|  0%| F|  |TAMS 0x00000000eaf00000, 0x00000000eaf00000| Untracked 
| 176|0x00000000eb000000, 0x00000000eb000000, 0x00000000eb100000|  0%| F|  |TAMS 0x00000000eb000000, 0x00000000eb000000| Untracked 
| 177|0x00000000eb100000, 0x00000000eb100000, 0x00000000eb200000|  0%| F|  |TAMS 0x00000000eb100000, 0x00000000eb100000| Untracked 
| 178|0x00000000eb200000, 0x00000000eb200000, 0x00000000eb300000|  0%| F|  |TAMS 0x00000000eb200000, 0x00000000eb200000| Untracked 
| 179|0x00000000eb300000, 0x00000000eb300000, 0x00000000eb400000|  0%| F|  |TAMS 0x00000000eb300000, 0x00000000eb300000| Untracked 
| 180|0x00000000eb400000, 0x00000000eb400000, 0x00000000eb500000|  0%| F|  |TAMS 0x00000000eb400000, 0x00000000eb400000| Untracked 
| 181|0x00000000eb500000, 0x00000000eb500000, 0x00000000eb600000|  0%| F|  |TAMS 0x00000000eb500000, 0x00000000eb500000| Untracked 
| 182|0x00000000eb600000, 0x00000000eb600000, 0x00000000eb700000|  0%| F|  |TAMS 0x00000000eb600000, 0x00000000eb600000| Untracked 
| 183|0x00000000eb700000, 0x00000000eb700000, 0x00000000eb800000|  0%| F|  |TAMS 0x00000000eb700000, 0x00000000eb700000| Untracked 
| 184|0x00000000eb800000, 0x00000000eb800000, 0x00000000eb900000|  0%| F|  |TAMS 0x00000000eb800000, 0x00000000eb800000| Untracked 
| 185|0x00000000eb900000, 0x00000000eb900000, 0x00000000eba00000|  0%| F|  |TAMS 0x00000000eb900000, 0x00000000eb900000| Untracked 
| 186|0x00000000eba00000, 0x00000000eba00000, 0x00000000ebb00000|  0%| F|  |TAMS 0x00000000eba00000, 0x00000000eba00000| Untracked 
| 187|0x00000000ebb00000, 0x00000000ebb00000, 0x00000000ebc00000|  0%| F|  |TAMS 0x00000000ebb00000, 0x00000000ebb00000| Untracked 
| 188|0x00000000ebc00000, 0x00000000ebc00000, 0x00000000ebd00000|  0%| F|  |TAMS 0x00000000ebc00000, 0x00000000ebc00000| Untracked 
| 189|0x00000000ebd00000, 0x00000000ebd00000, 0x00000000ebe00000|  0%| F|  |TAMS 0x00000000ebd00000, 0x00000000ebd00000| Untracked 
| 190|0x00000000ebe00000, 0x00000000ebe00000, 0x00000000ebf00000|  0%| F|  |TAMS 0x00000000ebe00000, 0x00000000ebe00000| Untracked 
| 191|0x00000000ebf00000, 0x00000000ebf00000, 0x00000000ec000000|  0%| F|  |TAMS 0x00000000ebf00000, 0x00000000ebf00000| Untracked 
| 192|0x00000000ec000000, 0x00000000ec000000, 0x00000000ec100000|  0%| F|  |TAMS 0x00000000ec000000, 0x00000000ec000000| Untracked 
| 193|0x00000000ec100000, 0x00000000ec100000, 0x00000000ec200000|  0%| F|  |TAMS 0x00000000ec100000, 0x00000000ec100000| Untracked 
| 194|0x00000000ec200000, 0x00000000ec200000, 0x00000000ec300000|  0%| F|  |TAMS 0x00000000ec200000, 0x00000000ec200000| Untracked 
| 195|0x00000000ec300000, 0x00000000ec300000, 0x00000000ec400000|  0%| F|  |TAMS 0x00000000ec300000, 0x00000000ec300000| Untracked 
| 196|0x00000000ec400000, 0x00000000ec400000, 0x00000000ec500000|  0%| F|  |TAMS 0x00000000ec400000, 0x00000000ec400000| Untracked 
| 197|0x00000000ec500000, 0x00000000ec500000, 0x00000000ec600000|  0%| F|  |TAMS 0x00000000ec500000, 0x00000000ec500000| Untracked 
| 198|0x00000000ec600000, 0x00000000ec600000, 0x00000000ec700000|  0%| F|  |TAMS 0x00000000ec600000, 0x00000000ec600000| Untracked 
| 199|0x00000000ec700000, 0x00000000ec700000, 0x00000000ec800000|  0%| F|  |TAMS 0x00000000ec700000, 0x00000000ec700000| Untracked 
| 200|0x00000000ec800000, 0x00000000ec800000, 0x00000000ec900000|  0%| F|  |TAMS 0x00000000ec800000, 0x00000000ec800000| Untracked 
| 201|0x00000000ec900000, 0x00000000ec900000, 0x00000000eca00000|  0%| F|  |TAMS 0x00000000ec900000, 0x00000000ec900000| Untracked 
| 202|0x00000000eca00000, 0x00000000eca00000, 0x00000000ecb00000|  0%| F|  |TAMS 0x00000000eca00000, 0x00000000eca00000| Untracked 
| 203|0x00000000ecb00000, 0x00000000ecb77798, 0x00000000ecc00000| 46%| S|CS|TAMS 0x00000000ecb00000, 0x00000000ecb00000| Complete 
| 204|0x00000000ecc00000, 0x00000000ecd00000, 0x00000000ecd00000|100%| S|CS|TAMS 0x00000000ecc00000, 0x00000000ecc00000| Complete 
| 205|0x00000000ecd00000, 0x00000000ece00000, 0x00000000ece00000|100%| S|CS|TAMS 0x00000000ecd00000, 0x00000000ecd00000| Complete 
| 206|0x00000000ece00000, 0x00000000ecf00000, 0x00000000ecf00000|100%| S|CS|TAMS 0x00000000ece00000, 0x00000000ece00000| Complete 
| 207|0x00000000ecf00000, 0x00000000ed000000, 0x00000000ed000000|100%| S|CS|TAMS 0x00000000ecf00000, 0x00000000ecf00000| Complete 
| 208|0x00000000ed000000, 0x00000000ed000000, 0x00000000ed100000|  0%| F|  |TAMS 0x00000000ed000000, 0x00000000ed000000| Untracked 
| 209|0x00000000ed100000, 0x00000000ed100000, 0x00000000ed200000|  0%| F|  |TAMS 0x00000000ed100000, 0x00000000ed100000| Untracked 
| 210|0x00000000ed200000, 0x00000000ed200000, 0x00000000ed300000|  0%| F|  |TAMS 0x00000000ed200000, 0x00000000ed200000| Untracked 
| 211|0x00000000ed300000, 0x00000000ed300000, 0x00000000ed400000|  0%| F|  |TAMS 0x00000000ed300000, 0x00000000ed300000| Untracked 
| 212|0x00000000ed400000, 0x00000000ed400000, 0x00000000ed500000|  0%| F|  |TAMS 0x00000000ed400000, 0x00000000ed400000| Untracked 
| 213|0x00000000ed500000, 0x00000000ed500000, 0x00000000ed600000|  0%| F|  |TAMS 0x00000000ed500000, 0x00000000ed500000| Untracked 
| 214|0x00000000ed600000, 0x00000000ed600000, 0x00000000ed700000|  0%| F|  |TAMS 0x00000000ed600000, 0x00000000ed600000| Untracked 
| 215|0x00000000ed700000, 0x00000000ed700000, 0x00000000ed800000|  0%| F|  |TAMS 0x00000000ed700000, 0x00000000ed700000| Untracked 
| 216|0x00000000ed800000, 0x00000000ed900000, 0x00000000ed900000|100%| E|  |TAMS 0x00000000ed800000, 0x00000000ed800000| Complete 
| 217|0x00000000ed900000, 0x00000000eda00000, 0x00000000eda00000|100%| E|CS|TAMS 0x00000000ed900000, 0x00000000ed900000| Complete 
| 218|0x00000000eda00000, 0x00000000edb00000, 0x00000000edb00000|100%| E|CS|TAMS 0x00000000eda00000, 0x00000000eda00000| Complete 
| 219|0x00000000edb00000, 0x00000000edc00000, 0x00000000edc00000|100%| E|CS|TAMS 0x00000000edb00000, 0x00000000edb00000| Complete 
| 220|0x00000000edc00000, 0x00000000edd00000, 0x00000000edd00000|100%| E|CS|TAMS 0x00000000edc00000, 0x00000000edc00000| Complete 
| 221|0x00000000edd00000, 0x00000000ede00000, 0x00000000ede00000|100%| E|CS|TAMS 0x00000000edd00000, 0x00000000edd00000| Complete 
| 222|0x00000000ede00000, 0x00000000edf00000, 0x00000000edf00000|100%| E|CS|TAMS 0x00000000ede00000, 0x00000000ede00000| Complete 
| 223|0x00000000edf00000, 0x00000000ee000000, 0x00000000ee000000|100%| E|CS|TAMS 0x00000000edf00000, 0x00000000edf00000| Complete 
| 224|0x00000000ee000000, 0x00000000ee100000, 0x00000000ee100000|100%| E|CS|TAMS 0x00000000ee000000, 0x00000000ee000000| Complete 
| 225|0x00000000ee100000, 0x00000000ee200000, 0x00000000ee200000|100%| E|CS|TAMS 0x00000000ee100000, 0x00000000ee100000| Complete 
| 226|0x00000000ee200000, 0x00000000ee300000, 0x00000000ee300000|100%| E|CS|TAMS 0x00000000ee200000, 0x00000000ee200000| Complete 
| 227|0x00000000ee300000, 0x00000000ee400000, 0x00000000ee400000|100%| E|CS|TAMS 0x00000000ee300000, 0x00000000ee300000| Complete 
| 228|0x00000000ee400000, 0x00000000ee500000, 0x00000000ee500000|100%| E|CS|TAMS 0x00000000ee400000, 0x00000000ee400000| Complete 
| 229|0x00000000ee500000, 0x00000000ee600000, 0x00000000ee600000|100%| E|CS|TAMS 0x00000000ee500000, 0x00000000ee500000| Complete 
| 230|0x00000000ee600000, 0x00000000ee700000, 0x00000000ee700000|100%| E|CS|TAMS 0x00000000ee600000, 0x00000000ee600000| Complete 
| 231|0x00000000ee700000, 0x00000000ee800000, 0x00000000ee800000|100%| E|CS|TAMS 0x00000000ee700000, 0x00000000ee700000| Complete 
| 232|0x00000000ee800000, 0x00000000ee900000, 0x00000000ee900000|100%| E|CS|TAMS 0x00000000ee800000, 0x00000000ee800000| Complete 
| 233|0x00000000ee900000, 0x00000000eea00000, 0x00000000eea00000|100%| E|CS|TAMS 0x00000000ee900000, 0x00000000ee900000| Complete 
| 234|0x00000000eea00000, 0x00000000eeb00000, 0x00000000eeb00000|100%| E|CS|TAMS 0x00000000eea00000, 0x00000000eea00000| Complete 
| 235|0x00000000eeb00000, 0x00000000eec00000, 0x00000000eec00000|100%| E|CS|TAMS 0x00000000eeb00000, 0x00000000eeb00000| Complete 
| 236|0x00000000eec00000, 0x00000000eed00000, 0x00000000eed00000|100%| E|CS|TAMS 0x00000000eec00000, 0x00000000eec00000| Complete 
| 237|0x00000000eed00000, 0x00000000eee00000, 0x00000000eee00000|100%| E|CS|TAMS 0x00000000eed00000, 0x00000000eed00000| Complete 
| 238|0x00000000eee00000, 0x00000000eef00000, 0x00000000eef00000|100%| E|CS|TAMS 0x00000000eee00000, 0x00000000eee00000| Complete 
| 239|0x00000000eef00000, 0x00000000ef000000, 0x00000000ef000000|100%| E|CS|TAMS 0x00000000eef00000, 0x00000000eef00000| Complete 
| 240|0x00000000ef000000, 0x00000000ef100000, 0x00000000ef100000|100%| E|CS|TAMS 0x00000000ef000000, 0x00000000ef000000| Complete 
| 241|0x00000000ef100000, 0x00000000ef200000, 0x00000000ef200000|100%| E|CS|TAMS 0x00000000ef100000, 0x00000000ef100000| Complete 
| 242|0x00000000ef200000, 0x00000000ef300000, 0x00000000ef300000|100%| E|CS|TAMS 0x00000000ef200000, 0x00000000ef200000| Complete 
| 243|0x00000000ef300000, 0x00000000ef400000, 0x00000000ef400000|100%| E|CS|TAMS 0x00000000ef300000, 0x00000000ef300000| Complete 
| 244|0x00000000ef400000, 0x00000000ef500000, 0x00000000ef500000|100%| E|CS|TAMS 0x00000000ef400000, 0x00000000ef400000| Complete 
| 245|0x00000000ef500000, 0x00000000ef600000, 0x00000000ef600000|100%| E|CS|TAMS 0x00000000ef500000, 0x00000000ef500000| Complete 
| 246|0x00000000ef600000, 0x00000000ef700000, 0x00000000ef700000|100%| E|CS|TAMS 0x00000000ef600000, 0x00000000ef600000| Complete 
| 247|0x00000000ef700000, 0x00000000ef800000, 0x00000000ef800000|100%| E|CS|TAMS 0x00000000ef700000, 0x00000000ef700000| Complete 
| 248|0x00000000ef800000, 0x00000000ef900000, 0x00000000ef900000|100%| E|CS|TAMS 0x00000000ef800000, 0x00000000ef800000| Complete 
| 249|0x00000000ef900000, 0x00000000efa00000, 0x00000000efa00000|100%| E|CS|TAMS 0x00000000ef900000, 0x00000000ef900000| Complete 
| 250|0x00000000efa00000, 0x00000000efb00000, 0x00000000efb00000|100%| E|CS|TAMS 0x00000000efa00000, 0x00000000efa00000| Complete 
| 251|0x00000000efb00000, 0x00000000efc00000, 0x00000000efc00000|100%| E|CS|TAMS 0x00000000efb00000, 0x00000000efb00000| Complete 
| 252|0x00000000efc00000, 0x00000000efd00000, 0x00000000efd00000|100%| E|CS|TAMS 0x00000000efc00000, 0x00000000efc00000| Complete 
| 253|0x00000000efd00000, 0x00000000efe00000, 0x00000000efe00000|100%| E|CS|TAMS 0x00000000efd00000, 0x00000000efd00000| Complete 
| 254|0x00000000efe00000, 0x00000000eff00000, 0x00000000eff00000|100%| E|CS|TAMS 0x00000000efe00000, 0x00000000efe00000| Complete 
| 255|0x00000000eff00000, 0x00000000f0000000, 0x00000000f0000000|100%| E|CS|TAMS 0x00000000eff00000, 0x00000000eff00000| Complete 

Card table byte_map: [0x00000267aedf0000,0x00000267aeef0000] _byte_map_base: 0x00000267ae6f0000

Marking Bits (Prev, Next): (CMBitMap*) 0x0000026795f09ba0, (CMBitMap*) 0x0000026795f09be0
 Prev Bits: [0x00000267aeff0000, 0x00000267af7f0000)
 Next Bits: [0x00000267af7f0000, 0x00000267afff0000)

Polling page: 0x0000026795f90000

Metaspace:

Usage:
  Non-class:     11.14 MB used.
      Class:      1.76 MB used.
       Both:     12.90 MB used.

Virtual space:
  Non-class space:       64.00 MB reserved,      11.25 MB ( 18%) committed,  1 nodes.
      Class space:      320.00 MB reserved,       1.88 MB ( <1%) committed,  1 nodes.
             Both:      384.00 MB reserved,      13.12 MB (  3%) committed. 

Chunk freelists:
   Non-Class:  4.33 MB
       Class:  14.08 MB
        Both:  18.41 MB

MaxMetaspaceSize: 384.00 MB
CompressedClassSpaceSize: 320.00 MB
Initial GC threshold: 21.00 MB
Current GC threshold: 21.00 MB
CDS: on
MetaspaceReclaimPolicy: balanced
 - commit_granule_bytes: 65536.
 - commit_granule_words: 8192.
 - virtual_space_node_default_size: 8388608.
 - enlarge_chunks_in_place: 1.
 - new_chunks_are_fully_committed: 0.
 - uncommit_free_chunks: 1.
 - use_allocation_guard: 0.
 - handle_deallocations: 1.


Internal statistics:

num_allocs_failed_limit: 0.
num_arena_births: 172.
num_arena_deaths: 0.
num_vsnodes_births: 2.
num_vsnodes_deaths: 0.
num_space_committed: 210.
num_space_uncommitted: 0.
num_chunks_returned_to_freelist: 0.
num_chunks_taken_from_freelist: 549.
num_chunk_merges: 0.
num_chunk_splits: 377.
num_chunks_enlarged: 289.
num_inconsistent_stats: 0.

CodeHeap 'non-profiled nmethods': size=120000Kb used=1196Kb max_used=1196Kb free=118803Kb
 bounds [0x00000267a6d50000, 0x00000267a6fc0000, 0x00000267ae280000]
CodeHeap 'profiled nmethods': size=120000Kb used=4483Kb max_used=4483Kb free=115516Kb
 bounds [0x000002679f280000, 0x000002679f6f0000, 0x00000267a67b0000]
CodeHeap 'non-nmethods': size=5760Kb used=1222Kb max_used=1239Kb free=4537Kb
 bounds [0x00000267a67b0000, 0x00000267a6a20000, 0x00000267a6d50000]
 total_blobs=2854 nmethods=2330 adapters=436
 compilation: enabled
              stopped_count=0, restarted_count=0
 full_count=0

Compilation events (20 events):
Event: 7.342 Thread 0x00000267b2a56400 nmethod 2315 0x000002679f6d9f90 code [0x000002679f6da140, 0x000002679f6da328]
Event: 7.342 Thread 0x00000267b2a56400 2320   !   3       java.lang.invoke.MemberName::getFieldType (176 bytes)
Event: 7.343 Thread 0x00000267b2a56400 nmethod 2320 0x000002679f6da410 code [0x000002679f6da740, 0x000002679f6dbc58]
Event: 7.343 Thread 0x00000267b2a56400 2318       3       java.lang.invoke.DirectMethodHandle::make (275 bytes)
Event: 7.344 Thread 0x00000267b2a56400 nmethod 2318 0x000002679f6dc310 code [0x000002679f6dc6a0, 0x000002679f6ddab8]
Event: 7.344 Thread 0x00000267b2a56400 2322       3       java.lang.invoke.LambdaFormBuffer::ownedCount (7 bytes)
Event: 7.344 Thread 0x00000267b2a56400 nmethod 2322 0x000002679f6de290 code [0x000002679f6de420, 0x000002679f6de538]
Event: 7.344 Thread 0x00000267b2a56400 2326       3       java.lang.invoke.InvokerBytecodeGenerator::storeInsnOpcode (98 bytes)
Event: 7.345 Thread 0x00000267b2a56400 nmethod 2326 0x000002679f6de610 code [0x000002679f6de880, 0x000002679f6df258]
Event: 7.483 Thread 0x00000267b2a56400 2327       3       java.util.concurrent.locks.AbstractQueuedSynchronizer$Node::getAndUnsetStatus (14 bytes)
Event: 8.370 Thread 0x00000267b2a56400 nmethod 2327 0x000002679f6df590 code [0x000002679f6df740, 0x000002679f6dfa28]
Event: 8.370 Thread 0x00000267b2a56400 2328       3       java.util.concurrent.locks.ReentrantLock$Sync::isHeldExclusively (16 bytes)
Event: 8.370 Thread 0x00000267b2a56400 nmethod 2328 0x000002679f6dfb90 code [0x000002679f6dfd40, 0x000002679f6dfed8]
Event: 8.370 Thread 0x00000267b2a56400 2329       3       java.util.concurrent.TimeUnit::toNanos (45 bytes)
Event: 8.370 Thread 0x00000267b2a56400 nmethod 2329 0x000002679f6dff90 code [0x000002679f6e0140, 0x000002679f6e0398]
Event: 8.370 Thread 0x00000267b2a56400 2330       3       java.util.Collection::stream (11 bytes)
Event: 8.370 Thread 0x00000267b2a56400 nmethod 2330 0x000002679f6e0410 code [0x000002679f6e05c0, 0x000002679f6e07b8]
Event: 8.374 Thread 0x00000267b2a56400 2332       3       jdk.internal.org.objectweb.asm.MethodWriter::putAbstractTypes (31 bytes)
Event: 8.374 Thread 0x00000267b2a56400 nmethod 2332 0x000002679f6e0890 code [0x000002679f6e0a40, 0x000002679f6e0c88]
Event: 8.374 Thread 0x00000267b2a56400 2334       3       jdk.internal.org.objectweb.asm.Frame::getConcreteOutputType (111 bytes)

GC Heap History (6 events):
Event: 0.522 GC heap before
{Heap before GC invocations=0 (full 0):
 garbage-first heap   total 262144K, used 22528K [0x00000000e0000000, 0x0000000100000000)
  region size 1024K, 23 young (23552K), 0 survivors (0K)
 Metaspace       used 1114K, committed 1280K, reserved 393216K
  class space    used 77K, committed 128K, reserved 327680K
}
Event: 0.524 GC heap after
{Heap after GC invocations=1 (full 0):
 garbage-first heap   total 262144K, used 4299K [0x00000000e0000000, 0x0000000100000000)
  region size 1024K, 3 young (3072K), 3 survivors (3072K)
 Metaspace       used 1114K, committed 1280K, reserved 393216K
  class space    used 77K, committed 128K, reserved 327680K
}
Event: 1.279 GC heap before
{Heap before GC invocations=1 (full 0):
 garbage-first heap   total 262144K, used 40139K [0x00000000e0000000, 0x0000000100000000)
  region size 1024K, 34 young (34816K), 3 survivors (3072K)
 Metaspace       used 4375K, committed 4544K, reserved 393216K
  class space    used 547K, committed 640K, reserved 327680K
}
Event: 1.282 GC heap after
{Heap after GC invocations=2 (full 0):
 garbage-first heap   total 262144K, used 12715K [0x00000000e0000000, 0x0000000100000000)
  region size 1024K, 4 young (4096K), 4 survivors (4096K)
 Metaspace       used 4375K, committed 4544K, reserved 393216K
  class space    used 547K, committed 640K, reserved 327680K
}
Event: 1.892 GC heap before
{Heap before GC invocations=2 (full 0):
 garbage-first heap   total 262144K, used 59819K [0x00000000e0000000, 0x0000000100000000)
  region size 1024K, 48 young (49152K), 4 survivors (4096K)
 Metaspace       used 4985K, committed 5184K, reserved 393216K
  class space    used 647K, committed 768K, reserved 327680K
}
Event: 1.895 GC heap after
{Heap after GC invocations=3 (full 0):
 garbage-first heap   total 262144K, used 17911K [0x00000000e0000000, 0x0000000100000000)
  region size 1024K, 5 young (5120K), 5 survivors (5120K)
 Metaspace       used 4985K, committed 5184K, reserved 393216K
  class space    used 647K, committed 768K, reserved 327680K
}

Dll operation events (15 events):
Event: 0.015 Loaded shared library F:\jdk-17.0.19.10-hotspot\bin\java.dll
Event: 0.033 Loaded shared library F:\jdk-17.0.19.10-hotspot\bin\jsvml.dll
Event: 0.102 Loaded shared library F:\jdk-17.0.19.10-hotspot\bin\zip.dll
Event: 0.107 Loaded shared library F:\jdk-17.0.19.10-hotspot\bin\instrument.dll
Event: 0.112 Loaded shared library F:\jdk-17.0.19.10-hotspot\bin\net.dll
Event: 0.114 Loaded shared library F:\jdk-17.0.19.10-hotspot\bin\nio.dll
Event: 0.117 Loaded shared library F:\jdk-17.0.19.10-hotspot\bin\zip.dll
Event: 0.410 Loaded shared library F:\jdk-17.0.19.10-hotspot\bin\jimage.dll
Event: 0.576 Loaded shared library F:\jdk-17.0.19.10-hotspot\bin\verify.dll
Event: 0.786 Loaded shared library C:\Users\Zhouyi\.gradle\native\c067742578af261105cb4f569cf0c3c89f3d7b1fecec35dd04571415982c5e48\windows-amd64\native-platform.dll
Event: 0.816 Loaded shared library C:\Users\Zhouyi\.gradle\native\100fb08df4bc3b14c8652ba06237920a3bd2aa13389f12d3474272988ae205f9\windows-amd64\native-platform-file-events.dll
Event: 3.125 Loaded shared library F:\jdk-17.0.19.10-hotspot\bin\management.dll
Event: 3.128 Loaded shared library F:\jdk-17.0.19.10-hotspot\bin\management_ext.dll
Event: 3.408 Loaded shared library F:\jdk-17.0.19.10-hotspot\bin\extnet.dll
Event: 3.855 Loaded shared library F:\jdk-17.0.19.10-hotspot\bin\sunmscapi.dll

Deoptimization events (20 events):
Event: 3.899 Thread 0x00000267cd9006f0 Uncommon trap: trap_request=0xffffff45 fr.pc=0x00000267a6d70ac0 relative=0x00000000000005e0
Event: 3.899 Thread 0x00000267cd9006f0 Uncommon trap: reason=unstable_if action=reinterpret pc=0x00000267a6d70ac0 method=java.util.regex.Matcher.match(II)Z @ 76 c2
Event: 3.899 Thread 0x00000267cd9006f0 DEOPT PACKING pc=0x00000267a6d70ac0 sp=0x000000706d3fdeb0
Event: 3.899 Thread 0x00000267cd9006f0 DEOPT UNPACKING pc=0x00000267a68069a3 sp=0x000000706d3fde70 mode 2
Event: 3.928 Thread 0x00000267cd92cfc0 Uncommon trap: trap_request=0xffffff6e fr.pc=0x00000267a6e12c0c relative=0x00000000000003ec
Event: 3.928 Thread 0x00000267cd92cfc0 Uncommon trap: reason=loop_limit_check action=maybe_recompile pc=0x00000267a6e12c0c method=java.lang.StringLatin1.indexOf([BI[BII)I @ 37 c2
Event: 3.928 Thread 0x00000267cd92cfc0 DEOPT PACKING pc=0x00000267a6e12c0c sp=0x000000706d5fec50
Event: 3.928 Thread 0x00000267cd92cfc0 DEOPT UNPACKING pc=0x00000267a68069a3 sp=0x000000706d5febb0 mode 2
Event: 6.191 Thread 0x00000267cd92cfc0 Uncommon trap: trap_request=0xffffff45 fr.pc=0x00000267a6dffb28 relative=0x00000000000003e8
Event: 6.191 Thread 0x00000267cd92cfc0 Uncommon trap: reason=unstable_if action=reinterpret pc=0x00000267a6dffb28 method=java.util.HashMap.getNode(Ljava/lang/Object;)Ljava/util/HashMap$Node; @ 66 c2
Event: 6.191 Thread 0x00000267cd92cfc0 DEOPT PACKING pc=0x00000267a6dffb28 sp=0x000000706d5fc060
Event: 6.191 Thread 0x00000267cd92cfc0 DEOPT UNPACKING pc=0x00000267a68069a3 sp=0x000000706d5fbf80 mode 2
Event: 6.191 Thread 0x00000267cd92cfc0 Uncommon trap: trap_request=0xffffff45 fr.pc=0x00000267a6d90e0c relative=0x00000000000003cc
Event: 6.191 Thread 0x00000267cd92cfc0 Uncommon trap: reason=unstable_if action=reinterpret pc=0x00000267a6d90e0c method=java.util.HashMap.getNode(Ljava/lang/Object;)Ljava/util/HashMap$Node; @ 66 c2
Event: 6.191 Thread 0x00000267cd92cfc0 DEOPT PACKING pc=0x00000267a6d90e0c sp=0x000000706d5fbff0
Event: 6.191 Thread 0x00000267cd92cfc0 DEOPT UNPACKING pc=0x00000267a68069a3 sp=0x000000706d5fbf80 mode 2
Event: 7.206 Thread 0x00000267cd92cfc0 Uncommon trap: trap_request=0xffffff45 fr.pc=0x00000267a6df23c0 relative=0x00000000000002a0
Event: 7.206 Thread 0x00000267cd92cfc0 Uncommon trap: reason=unstable_if action=reinterpret pc=0x00000267a6df23c0 method=java.util.concurrent.ConcurrentHashMap.get(Ljava/lang/Object;)Ljava/lang/Object; @ 152 c2
Event: 7.206 Thread 0x00000267cd92cfc0 DEOPT PACKING pc=0x00000267a6df23c0 sp=0x000000706d5fb4d0
Event: 7.206 Thread 0x00000267cd92cfc0 DEOPT UNPACKING pc=0x00000267a68069a3 sp=0x000000706d5fb438 mode 2

Classes loaded (20 events):
Event: 7.205 Loading class jdk/internal/vm/annotation/IntrinsicCandidate
Event: 7.206 Loading class jdk/internal/vm/annotation/IntrinsicCandidate done
Event: 7.208 Loading class java/util/stream/MatchOps$MatchKind
Event: 7.208 Loading class java/util/stream/MatchOps$MatchKind done
Event: 7.208 Loading class java/util/stream/MatchOps
Event: 7.208 Loading class java/util/stream/MatchOps done
Event: 7.208 Loading class java/util/stream/MatchOps$MatchOp
Event: 7.208 Loading class java/util/stream/MatchOps$MatchOp done
Event: 7.208 Loading class java/util/stream/MatchOps$BooleanTerminalSink
Event: 7.209 Loading class java/util/stream/MatchOps$BooleanTerminalSink done
Event: 7.209 Loading class java/util/stream/MatchOps$1MatchSink
Event: 7.209 Loading class java/util/stream/MatchOps$1MatchSink done
Event: 7.235 Loading class java/lang/TypeNotPresentException
Event: 7.235 Loading class java/lang/TypeNotPresentException done
Event: 7.267 Loading class java/lang/invoke/MethodHandle$1
Event: 7.267 Loading class java/lang/invoke/MethodHandle$1 done
Event: 7.287 Loading class java/util/ConcurrentModificationException
Event: 7.287 Loading class java/util/ConcurrentModificationException done
Event: 7.310 Loading class sun/reflect/generics/scope/ConstructorScope
Event: 7.310 Loading class sun/reflect/generics/scope/ConstructorScope done

Classes unloaded (0 events):
No events

Classes redefined (0 events):
No events

Internal exceptions (20 events):
Event: 1.131 Thread 0x0000026795edc0f0 Exception <a 'java/lang/NoSuchMethodError'{0x00000000eee74e50}: 'void java.lang.invoke.DirectMethodHandle$Holder.invokeInterface(java.lang.Object, java.lang.Object, java.lang.Object)'> (0x00000000eee74e50) 
thrown [s\src\hotspot\share\interpreter\linkResolver.cpp, line 759]
Event: 3.122 Thread 0x0000026795edc0f0 Exception <a 'java/lang/NoSuchMethodError'{0x00000000ef997108}: 'java.lang.Object java.lang.invoke.DirectMethodHandle$Holder.invokeStaticInit(java.lang.Object)'> (0x00000000ef997108) 
thrown [s\src\hotspot\share\interpreter\linkResolver.cpp, line 759]
Event: 3.157 Thread 0x0000026795edc0f0 Exception <a 'java/lang/NoSuchMethodError'{0x00000000ef820630}: 'java.lang.Object java.lang.invoke.DirectMethodHandle$Holder.invokeInterface(java.lang.Object, java.lang.Object)'> (0x00000000ef820630) 
thrown [s\src\hotspot\share\interpreter\linkResolver.cpp, line 759]
Event: 3.310 Thread 0x0000026795edc0f0 Exception <a 'java/lang/NoSuchMethodError'{0x00000000ef3dfb88}: 'java.lang.Object java.lang.invoke.DirectMethodHandle$Holder.invokeStaticInit(java.lang.Object, int, int, int, int)'> (0x00000000ef3dfb88) 
thrown [s\src\hotspot\share\interpreter\linkResolver.cpp, line 759]
Event: 3.389 Thread 0x0000026795edc0f0 Exception <a 'java/lang/NoSuchMethodError'{0x00000000ef145968}: 'java.lang.Object java.lang.invoke.DirectMethodHandle$Holder.invokeStaticInit(java.lang.Object, java.lang.Object, int, int, int, int)'> (0x00000000ef145968) 
thrown [s\src\hotspot\share\interpreter\linkResolver.cpp, line 759]
Event: 3.751 Thread 0x0000026795edc0f0 Exception <a 'java/lang/NoSuchMethodError'{0x00000000eefefa20}: 'void java.lang.invoke.DirectMethodHandle$Holder.invokeStatic(java.lang.Object, java.lang.Object, java.lang.Object)'> (0x00000000eefefa20) 
thrown [s\src\hotspot\share\interpreter\linkResolver.cpp, line 759]
Event: 3.790 Thread 0x0000026795edc0f0 Exception <a 'java/io/IOException'{0x00000000eed01470}> (0x00000000eed01470) 
thrown [s\src\hotspot\share\prims\jni.cpp, line 516]
Event: 3.797 Thread 0x0000026795edc0f0 Implicit null exception at 0x00000267a6d9c6d5 to 0x00000267a6d9cc94
Event: 3.804 Thread 0x0000026795edc0f0 Exception <a 'java/lang/NoSuchMethodError'{0x00000000eed60620}: 'java.lang.Object java.lang.invoke.DirectMethodHandle$Holder.newInvokeSpecial(java.lang.Object, java.lang.Object, java.lang.Object, java.lang.Object, java.lang.Object)'> (0x00000000eed60620) 
thrown [s\src\hotspot\share\interpreter\linkResolver.cpp, line 759]
Event: 3.925 Thread 0x00000267cdaff0f0 Exception <a 'java/lang/NoSuchMethodError'{0x00000000eea746d0}: 'void java.lang.invoke.DirectMethodHandle$Holder.invokeSpecial(java.lang.Object, java.lang.Object, java.lang.Object)'> (0x00000000eea746d0) 
thrown [s\src\hotspot\share\interpreter\linkResolver.cpp, line 759]
Event: 5.029 Thread 0x00000267cd92cfc0 Exception <a 'java/lang/NoSuchMethodError'{0x00000000ee5dd160}: 'long java.lang.invoke.DirectMethodHandle$Holder.invokeInterface(java.lang.Object, java.lang.Object)'> (0x00000000ee5dd160) 
thrown [s\src\hotspot\share\interpreter\linkResolver.cpp, line 759]
Event: 6.156 Thread 0x00000267cd92cfc0 Exception <a 'java/lang/NoSuchMethodError'{0x00000000ee053520}: 'void java.lang.invoke.DirectMethodHandle$Holder.invokeStatic(java.lang.Object, java.lang.Object)'> (0x00000000ee053520) 
thrown [s\src\hotspot\share\interpreter\linkResolver.cpp, line 759]
Event: 7.213 Thread 0x00000267cd92cfc0 Exception <a 'java/lang/NoSuchMethodError'{0x00000000ede6eff8}: 'int java.lang.invoke.DirectMethodHandle$Holder.invokeVirtual(java.lang.Object, java.lang.Object, java.lang.Object)'> (0x00000000ede6eff8) 
thrown [s\src\hotspot\share\interpreter\linkResolver.cpp, line 759]
Event: 7.265 Thread 0x00000267cd92cfc0 Exception <a 'java/lang/NoSuchMethodError'{0x00000000edcfba78}: 'java.lang.Object java.lang.invoke.DirectMethodHandle$Holder.newInvokeSpecial(java.lang.Object, java.lang.Object, java.lang.Object, java.lang.Object, java.lang.Object, java.lang.Object)'> (0x00000000edcfba78) 
thrown [s\src\hotspot\share\interpreter\linkResolver.cpp, line 759]
Event: 7.267 Thread 0x00000267cd92cfc0 Exception <a 'java/lang/NoSuchMethodError'{0x00000000edb18e68}: 'void java.lang.invoke.DirectMethodHandle$Holder.invokeSpecial(java.lang.Object, java.lang.Object, java.lang.Object, java.lang.Object, java.lang.Object)'> (0x00000000edb18e68) 
thrown [s\src\hotspot\share\interpreter\linkResolver.cpp, line 759]
Event: 7.270 Thread 0x00000267cd92cfc0 Exception <a 'java/lang/NoSuchMethodError'{0x00000000edb2c838}: 'void java.lang.invoke.DirectMethodHandle$Holder.invokeStaticInit(java.lang.Object, java.lang.Object)'> (0x00000000edb2c838) 
thrown [s\src\hotspot\share\interpreter\linkResolver.cpp, line 759]
Event: 7.336 Thread 0x00000267cd92cfc0 Exception <a 'java/lang/NoSuchMethodError'{0x00000000ed8045b0}: 'void java.lang.invoke.DelegatingMethodHandle$Holder.reinvoke_L(java.lang.Object, java.lang.Object, java.lang.Object, java.lang.Object, java.lang.Object, java.lang.Object, java.lang.Object, java.lang.Object, java.lang.Object, java.lang.Object)'> (0x00000000ed8045b0) 
thrown [s\src\hotspot\share\interpreter\linkResolver.cpp, line 759]
Event: 7.337 Thread 0x00000267cd92cfc0 Exception <a 'java/lang/NoSuchMethodError'{0x00000000ed80ca20}: 'java.lang.Object java.lang.invoke.DirectMethodHandle$Holder.invokeSpecial(java.lang.Object, java.lang.Object, java.lang.Object, java.lang.Object, java.lang.Object, java.lang.Object, java.lang.Object, java.lang.Object, java.lang.Object, java.lang.Object)'> (0x00000000ed80ca20) 
thrown [s\src\hotspot\share\interpreter\linkResolver.cpp, line 759]
Event: 7.337 Thread 0x00000267cd92cfc0 Exception <a 'java/lang/NoSuchMethodError'{0x00000000ed8112f0}: 'java.lang.Object java.lang.invoke.Invokers$Holder.invoker(java.lang.Object, java.lang.Object, java.lang.Object, java.lang.Object, java.lang.Object, java.lang.Object, java.lang.Object, java.lang.Object, java.lang.Object, java.lang.Object)'> (0x00000000ed8112f0) 
thrown [s\src\hotspot\share\interpreter\linkResolver.cpp, line 759]
Event: 7.338 Thread 0x00000267cd92cfc0 Exception <a 'java/lang/NoSuchMethodError'{0x00000000ed816ef8}: 'java.lang.Object java.lang.invoke.DirectMethodHandle$Holder.invokeSpecial(java.lang.Object, java.lang.Object, java.lang.Object, java.lang.Object, java.lang.Object, java.lang.Object, java.lang.Object, java.lang.Object, java.lang.Object, java.lang.Object, java.lang.Object)'> (0x00000000ed816ef8) 
thrown [s\src\hotspot\share\interpreter\linkResolver.cpp, line 759]

VM Operations (20 events):
Event: 3.153 Executing VM operation: HandshakeAllThreads done
Event: 3.209 Executing VM operation: HandshakeAllThreads
Event: 3.209 Executing VM operation: HandshakeAllThreads done
Event: 3.296 Executing VM operation: HandshakeAllThreads
Event: 3.296 Executing VM operation: HandshakeAllThreads done
Event: 3.372 Executing VM operation: HandshakeAllThreads
Event: 3.372 Executing VM operation: HandshakeAllThreads done
Event: 3.749 Executing VM operation: HandshakeAllThreads
Event: 3.749 Executing VM operation: HandshakeAllThreads done
Event: 3.836 Executing VM operation: HandshakeAllThreads
Event: 3.836 Executing VM operation: HandshakeAllThreads done
Event: 4.838 Executing VM operation: Cleanup
Event: 4.994 Executing VM operation: Cleanup done
Event: 6.007 Executing VM operation: Cleanup
Event: 6.148 Executing VM operation: Cleanup done
Event: 7.153 Executing VM operation: Cleanup
Event: 7.154 Executing VM operation: Cleanup done
Event: 8.167 Executing VM operation: Cleanup
Event: 8.369 Executing VM operation: Cleanup done
Event: 9.372 Executing VM operation: Cleanup

Memory protections (0 events):
No events

Nmethod flushes (0 events):
No events

Events (20 events):
Event: 0.056 Thread 0x0000026795edc0f0 Thread added: 0x00000267b2a56400
Event: 0.056 Thread 0x0000026795edc0f0 Thread added: 0x00000267b2a57880
Event: 0.075 Thread 0x0000026795edc0f0 Thread added: 0x00000267b2be10b0
Event: 0.127 Thread 0x0000026795edc0f0 Thread added: 0x00000267b2d0f5d0
Event: 0.326 Thread 0x00000267b2a56400 Thread added: 0x00000267b2e97430
Event: 0.411 Thread 0x00000267b2a56400 Thread added: 0x00000267cc2919c0
Event: 1.377 Thread 0x00000267cc2919c0 Thread exited: 0x00000267cc2919c0
Event: 3.179 Thread 0x0000026795edc0f0 Thread added: 0x00000267cd8614f0
Event: 3.524 Thread 0x00000267b2e97430 Thread exited: 0x00000267b2e97430
Event: 3.712 Thread 0x0000026795edc0f0 Thread added: 0x00000267cdc4ff30
Event: 3.751 Thread 0x00000267b2a56400 Thread added: 0x00000267cda37500
Event: 3.811 Thread 0x0000026795edc0f0 Thread added: 0x00000267cddccc90
Event: 3.877 Thread 0x00000267cdc4ff30 Thread added: 0x00000267cdaff0f0
Event: 3.880 Thread 0x00000267cdaff0f0 Thread added: 0x00000267cd9006f0
Event: 3.918 Thread 0x00000267cdaff0f0 Thread added: 0x00000267cd92e400
Event: 3.926 Thread 0x00000267cdaff0f0 Thread added: 0x00000267cd92cfc0
Event: 3.937 Thread 0x00000267cd92cfc0 Thread added: 0x00000267cd92c090
Event: 3.941 Thread 0x00000267cd92cfc0 Thread added: 0x00000267cd92c5a0
Event: 3.944 Thread 0x00000267cd92cfc0 Thread added: 0x00000267cd92cab0
Event: 4.059 Thread 0x00000267cda37500 Thread exited: 0x00000267cda37500


Dynamic libraries:
0x00007ff684390000 - 0x00007ff68439e000 	F:\jdk-17.0.19.10-hotspot\bin\java.exe
0x00007ffa6b140000 - 0x00007ffa6b3a7000 	C:\Windows\SYSTEM32\ntdll.dll
0x00007ffa69d20000 - 0x00007ffa69de9000 	C:\Windows\System32\KERNEL32.DLL
0x00007ffa68ac0000 - 0x00007ffa68eb7000 	C:\Windows\System32\KERNELBASE.dll
0x00007ffa67e90000 - 0x00007ffa67fdb000 	C:\Windows\System32\ucrtbase.dll
0x00007ffa450d0000 - 0x00007ffa450e8000 	F:\jdk-17.0.19.10-hotspot\bin\jli.dll
0x00007ffa44ef0000 - 0x00007ffa44f0e000 	F:\jdk-17.0.19.10-hotspot\bin\VCRUNTIME140.dll
0x00007ffa6a210000 - 0x00007ffa6a3d6000 	C:\Windows\System32\USER32.dll
0x00007ffa67fe0000 - 0x00007ffa68007000 	C:\Windows\System32\win32u.dll
0x00007ffa49b50000 - 0x00007ffa49de2000 	C:\Windows\WinSxS\amd64_microsoft.windows.common-controls_6595b64144ccf1df_6.0.26100.8457_none_3e0b2faee331e92d\COMCTL32.dll
0x00007ffa69b40000 - 0x00007ffa69be9000 	C:\Windows\System32\msvcrt.dll
0x00007ffa69cf0000 - 0x00007ffa69d1b000 	C:\Windows\System32\GDI32.dll
0x00007ffa67d60000 - 0x00007ffa67e8c000 	C:\Windows\System32\gdi32full.dll
0x00007ffa67c00000 - 0x00007ffa67ca3000 	C:\Windows\System32\msvcp_win.dll
0x00007ffa6a3e0000 - 0x00007ffa6a412000 	C:\Windows\System32\IMM32.DLL
0x00007ffa617c0000 - 0x00007ffa617cc000 	F:\jdk-17.0.19.10-hotspot\bin\vcruntime140_1.dll
0x00007ffa044d0000 - 0x00007ffa0455d000 	F:\jdk-17.0.19.10-hotspot\bin\msvcp140.dll
0x00007ffa02a50000 - 0x00007ffa036bc000 	F:\jdk-17.0.19.10-hotspot\bin\server\jvm.dll
0x00007ffa695e0000 - 0x00007ffa69696000 	C:\Windows\System32\ADVAPI32.dll
0x00007ffa6a420000 - 0x00007ffa6a4c7000 	C:\Windows\System32\sechost.dll
0x00007ffa69850000 - 0x00007ffa69968000 	C:\Windows\System32\RPCRT4.dll
0x00007ffa69c60000 - 0x00007ffa69ce0000 	C:\Windows\System32\WS2_32.dll
0x00007ffa679d0000 - 0x00007ffa67a2e000 	C:\Windows\SYSTEM32\POWRPROF.dll
0x00007ffa61840000 - 0x00007ffa6184b000 	C:\Windows\SYSTEM32\VERSION.dll
0x00007ffa5ffc0000 - 0x00007ffa5fff6000 	C:\Windows\SYSTEM32\WINMM.dll
0x00007ffa679b0000 - 0x00007ffa679c4000 	C:\Windows\SYSTEM32\UMPDC.dll
0x00007ffa66900000 - 0x00007ffa6691b000 	C:\Windows\SYSTEM32\kernel.appcore.dll
0x00007ffa440d0000 - 0x00007ffa440da000 	F:\jdk-17.0.19.10-hotspot\bin\jimage.dll
0x00007ffa65840000 - 0x00007ffa65a82000 	C:\Windows\SYSTEM32\DBGHELP.DLL
0x00007ffa6ad70000 - 0x00007ffa6b0f3000 	C:\Windows\System32\combase.dll
0x00007ffa69df0000 - 0x00007ffa69ec9000 	C:\Windows\System32\OLEAUT32.dll
0x00007ffa51fd0000 - 0x00007ffa5200b000 	C:\Windows\SYSTEM32\dbgcore.DLL
0x00007ffa67cb0000 - 0x00007ffa67d58000 	C:\Windows\System32\bcryptPrimitives.dll
0x00007ffa14a30000 - 0x00007ffa14a3e000 	F:\jdk-17.0.19.10-hotspot\bin\instrument.dll
0x00007ffa0dd10000 - 0x00007ffa0dd35000 	F:\jdk-17.0.19.10-hotspot\bin\java.dll
0x00007ffa043f0000 - 0x00007ffa044c7000 	F:\jdk-17.0.19.10-hotspot\bin\jsvml.dll
0x00007ffa6a5f0000 - 0x00007ffa6ad5e000 	C:\Windows\System32\SHELL32.dll
0x00007ffa68010000 - 0x00007ffa6887c000 	C:\Windows\System32\windows.storage.dll
0x00007ffa69fb0000 - 0x00007ffa6a0a6000 	C:\Windows\System32\SHCORE.dll
0x00007ffa696a0000 - 0x00007ffa69706000 	C:\Windows\System32\shlwapi.dll
0x00007ffa67a90000 - 0x00007ffa67ab9000 	C:\Windows\SYSTEM32\profapi.dll
0x00007ffa04c30000 - 0x00007ffa04c48000 	F:\jdk-17.0.19.10-hotspot\bin\zip.dll
0x00007ffa0de30000 - 0x00007ffa0de4a000 	F:\jdk-17.0.19.10-hotspot\bin\net.dll
0x00007ffa5d880000 - 0x00007ffa5d9a9000 	C:\Windows\SYSTEM32\WINHTTP.dll
0x00007ffa66e70000 - 0x00007ffa66edc000 	C:\Windows\system32\mswsock.dll
0x00007ffa0dcf0000 - 0x00007ffa0dd06000 	F:\jdk-17.0.19.10-hotspot\bin\nio.dll
0x00007ffa16460000 - 0x00007ffa16470000 	F:\jdk-17.0.19.10-hotspot\bin\verify.dll
0x00007ffa043c0000 - 0x00007ffa043e7000 	C:\Users\Zhouyi\.gradle\native\c067742578af261105cb4f569cf0c3c89f3d7b1fecec35dd04571415982c5e48\windows-amd64\native-platform.dll
0x00007ffa04270000 - 0x00007ffa043b4000 	C:\Users\Zhouyi\.gradle\native\100fb08df4bc3b14c8652ba06237920a3bd2aa13389f12d3474272988ae205f9\windows-amd64\native-platform-file-events.dll
0x00007ffa15f60000 - 0x00007ffa15f6a000 	F:\jdk-17.0.19.10-hotspot\bin\management.dll
0x00007ffa15a10000 - 0x00007ffa15a1c000 	F:\jdk-17.0.19.10-hotspot\bin\management_ext.dll
0x00007ffa695c0000 - 0x00007ffa695c8000 	C:\Windows\System32\PSAPI.DLL
0x00007ffa67150000 - 0x00007ffa6716b000 	C:\Windows\SYSTEM32\CRYPTSP.dll
0x00007ffa66860000 - 0x00007ffa66899000 	C:\Windows\system32\rsaenh.dll
0x00007ffa66f20000 - 0x00007ffa66f53000 	C:\Windows\SYSTEM32\USERENV.dll
0x00007ffa67a60000 - 0x00007ffa67a8a000 	C:\Windows\SYSTEM32\bcrypt.dll
0x00007ffa67170000 - 0x00007ffa6717c000 	C:\Windows\SYSTEM32\CRYPTBASE.dll
0x00007ffa662c0000 - 0x00007ffa662f2000 	C:\Windows\SYSTEM32\IPHLPAPI.DLL
0x00007ffa69c50000 - 0x00007ffa69c5a000 	C:\Windows\System32\NSI.dll
0x00007ffa60200000 - 0x00007ffa6021d000 	C:\Windows\SYSTEM32\dhcpcsvc6.DLL
0x00007ffa5d850000 - 0x00007ffa5d875000 	C:\Windows\SYSTEM32\dhcpcsvc.DLL
0x00007ffa663c0000 - 0x00007ffa664f2000 	C:\Windows\SYSTEM32\DNSAPI.dll
0x00007ffa388e0000 - 0x00007ffa388e9000 	F:\jdk-17.0.19.10-hotspot\bin\extnet.dll
0x00007ffa3af20000 - 0x00007ffa3af2e000 	F:\jdk-17.0.19.10-hotspot\bin\sunmscapi.dll
0x00007ffa68940000 - 0x00007ffa68ab8000 	C:\Windows\System32\CRYPT32.dll
0x00007ffa67370000 - 0x00007ffa673a0000 	C:\Windows\SYSTEM32\ncrypt.dll
0x00007ffa67320000 - 0x00007ffa6735f000 	C:\Windows\SYSTEM32\NTASN1.dll
0x00007ff9c4bd0000 - 0x00007ff9c4bd8000 	C:\Windows\system32\wshunix.dll

dbghelp: loaded successfully - version: 4.0.5 - missing functions: none
symbol engine: initialized successfully - sym options: 0x614 - pdb path: .;F:\jdk-17.0.19.10-hotspot\bin;C:\Windows\SYSTEM32;C:\Windows\WinSxS\amd64_microsoft.windows.common-controls_6595b64144ccf1df_6.0.26100.8457_none_3e0b2faee331e92d;F:\jdk-17.0.19.10-hotspot\bin\server;C:\Users\Zhouyi\.gradle\native\c067742578af261105cb4f569cf0c3c89f3d7b1fecec35dd04571415982c5e48\windows-amd64;C:\Users\Zhouyi\.gradle\native\100fb08df4bc3b14c8652ba06237920a3bd2aa13389f12d3474272988ae205f9\windows-amd64

VM Arguments:
jvm_args: --add-opens=java.base/java.util=ALL-UNNAMED --add-opens=java.base/java.lang=ALL-UNNAMED --add-opens=java.base/java.lang.invoke=ALL-UNNAMED --add-opens=java.prefs/java.util.prefs=ALL-UNNAMED --add-exports=jdk.compiler/com.sun.tools.javac.api=ALL-UNNAMED --add-exports=jdk.compiler/com.sun.tools.javac.util=ALL-UNNAMED --add-opens=java.base/java.nio.charset=ALL-UNNAMED --add-opens=java.base/java.net=ALL-UNNAMED --add-opens=java.base/java.util.concurrent.atomic=ALL-UNNAMED -XX:MaxMetaspaceSize=384m -XX:+HeapDumpOnOutOfMemoryError -Xms256m -Xmx512m -Dfile.encoding=GBK -Duser.country=CN -Duser.language=zh -Duser.variant -javaagent:C:\Users\Zhouyi\.gradle\wrapper\dists\gradle-8.10-bin\deqhafrv1ntovfmgh0nh3npr9\gradle-8.10\lib\agents\gradle-instrumentation-agent-8.10.jar 
java_command: org.gradle.launcher.daemon.bootstrap.GradleDaemon 8.10
java_class_path (initial): C:\Users\Zhouyi\.gradle\wrapper\dists\gradle-8.10-bin\deqhafrv1ntovfmgh0nh3npr9\gradle-8.10\lib\gradle-daemon-main-8.10.jar
Launcher Type: SUN_STANDARD

[Global flags]
     intx CICompilerCount                          = 4                                         {product} {ergonomic}
   size_t CompressedClassSpaceSize                 = 335544320                                 {product} {ergonomic}
     uint ConcGCThreads                            = 2                                         {product} {ergonomic}
     uint G1ConcRefinementThreads                  = 8                                         {product} {ergonomic}
   size_t G1HeapRegionSize                         = 1048576                                   {product} {ergonomic}
    uintx GCDrainStackTargetSize                   = 64                                        {product} {ergonomic}
     bool HeapDumpOnOutOfMemoryError               = true                                   {manageable} {command line}
   size_t InitialHeapSize                          = 268435456                                 {product} {command line}
   size_t MarkStackSize                            = 4194304                                   {product} {ergonomic}
   size_t MaxHeapSize                              = 536870912                                 {product} {command line}
   size_t MaxMetaspaceSize                         = 402653184                                 {product} {command line}
   size_t MaxNewSize                               = 321912832                                 {product} {ergonomic}
   size_t MinHeapDeltaBytes                        = 1048576                                   {product} {ergonomic}
   size_t MinHeapSize                              = 268435456                                 {product} {command line}
    uintx NonNMethodCodeHeapSize                   = 5839372                                {pd product} {ergonomic}
    uintx NonProfiledCodeHeapSize                  = 122909434                              {pd product} {ergonomic}
    uintx ProfiledCodeHeapSize                     = 122909434                              {pd product} {ergonomic}
    uintx ReservedCodeCacheSize                    = 251658240                              {pd product} {ergonomic}
     bool SegmentedCodeCache                       = true                                      {product} {ergonomic}
   size_t SoftMaxHeapSize                          = 536870912                              {manageable} {ergonomic}
     bool UseCompressedClassPointers               = true                           {product lp64_product} {ergonomic}
     bool UseCompressedOops                        = true                           {product lp64_product} {ergonomic}
     bool UseG1GC                                  = true                                      {product} {ergonomic}
     bool UseLargePagesIndividualAllocation        = false                                  {pd product} {ergonomic}

Logging:
Log output configuration:
 #0: stdout all=warning uptime,level,tags
 #1: stderr all=off uptime,level,tags

Environment Variables:
CLASSPATH=C:\Users\Zhouyi\Desktop\ChickenDupe\\gradle\wrapper\gradle-wrapper.jar
PATH=F:\jdk-17.0.19.10-hotspot\bin;C:\Program Files\Common Files\Oracle\Java\javapath;C:\Python314\Scripts\;C:\Python314\;C:\Windows\system32;C:\Windows;C:\Windows\System32\Wbem;C:\Windows\System32\WindowsPowerShell\v1.0\;C:\Windows\System32\OpenSSH\;C:\Program Files\dotnet\;C:\Program Files\nodejs\;C:\ProgramData\chocolatey\bin;C:\Program Files\Git\cmd;C:\Program Files\Git LFS;C:\Program Files (x86)\cloudflared\;C:\Program Files\PuTTY\;F:\.minecraft\ffmpeg\bin;C:\Program Files\Common Files\Oracle\Java\javapath;C:\Python314\Scripts\;C:\Python314\;C:\Windows\system32;C:\Windows;C:\Windows\System32\Wbem;C:\Windows\System32\WindowsPowerShell\v1.0\;C:\Windows\System32\OpenSSH\;C:\Program Files\dotnet\;C:\Program Files\nodejs\;C:\ProgramData\chocolatey\bin;C:\Program Files\Git\cmd;C:\Program Files\Git LFS;C:\Program Files (x86)\cloudflared\;C:\Program Files\PuTTY\;C:\Users\Zhouyi\AppData\Local\AtomCode;C:\Users\Zhouyi\AppData\Local\Programs\Python\Python311\Scripts\;C:\Users\Zhouyi\AppData\Local\Programs\Python\Python311\;C:\Users\Zhouyi\AppData\Local\Programs\Python\Python39\Scripts\;C:\Users\Zhouyi\AppData\Local\Programs\Python\Python39\;C:\Users\Zhouyi\AppData\Local\Microsoft\WindowsApps;C:\Users\Zhouyi\AppData\Roaming\npm;C:\Users\Zhouyi\AppData\Local\Python\bin;C:\Users\Zhouyi\AppData\Local\Microsoft\WinGet\Packages\xhcoding.sshpass-win32_Microsoft.Winget.Source_8wekyb3d8bbwe;C:\Users\Zhouyi\.dotnet\tools;F:\Microsoft VS Code\bin
USERNAME=yao-z
OS=Windows_NT
PROCESSOR_IDENTIFIER=AMD64 Family 23 Model 104 Stepping 1, AuthenticAMD
TMP=C:\Users\Zhouyi\AppData\Local\Temp
TEMP=C:\Users\Zhouyi\AppData\Local\Temp



Periodic native trim disabled


---------------  S Y S T E M  ---------------

OS:
 Windows 11 , 64 bit Build 26100 (10.0.26100.8328)
OS uptime: 0 days 10:30 hours
Hyper-V role detected

CPU: total 8 (initial active 8) (8 cores per cpu, 2 threads per core) family 23 model 104 stepping 1 microcode 0x8608103, cx8, cmov, fxsr, ht, mmx, 3dnowpref, sse, sse2, sse3, ssse3, sse4a, sse4.1, sse4.2, popcnt, lzcnt, tsc, tscinvbit, avx, avx2, aes, clmul, bmi1, bmi2, adx, sha, fma, vzeroupper, clflush, clflushopt, hv
Processor Information for all 8 processors :
  Max Mhz: 2600, Current Mhz: 2600, Mhz Limit: 2600

Memory: 4k page, system-wide physical 7562M (1138M free)
TotalPageFile size 13813M (AvailPageFile size 0M)
current process WorkingSet (physical memory assigned to process): 150M, peak: 152M
current process commit charge ("private bytes"): 390M, peak: 390M

vm_info: OpenJDK 64-Bit Server VM (17.0.19+10) for windows-amd64 JRE (17.0.19+10), built on Apr 25 2026 08:04:44 by "admin" with MS VC++ 17.12 (VS2022)

END.
